repeatLength,assigned_haplotype,encodedSeq
65,<TAAAA>9-810,<TAAAA>13
93,<TAAAA>4-5<TATAA>1<TAAAA>6-11<TAA>1<TAAAA>5-9,<TAAAA>4<TATAA>1<TAAAA>7<TAA>1<TAAAA>6
60,<TAAAA>9-810,<TAAAA>12
60,<TAAAA>9-810,<TAAAA>12
98,<TAAAA>4-5<TATAA>1<TAAAA>6-11<TAA>1<TAAAA>5-9,<TAAAA>4<TATAA>1<TAAAA>8<TAA>1<TAAAA>6
60,<TAAAA>9-810,<TAAAA>12
113,<TAAAA>4-5<TATAA>1<TAAAA>6-11<TAA>1<TAAAA>5-9,<TAAAA>4<TATAA>1<TAAAA>10<TAA>1<TAAAA>7
93,<TAAAA>4-5<TATAA>1<TAAAA>6-11<TAA>1<TAAAA>5-9,<TAAAA>4<TATAA>1<TAAAA>7<TAA>1<TAAAA>6
113,<TAAAA>4-5<TATAA>1<TAAAA>6-11<TAA>1<TAAAA>5-9,<TAAAA>4<TATAA>1<TAAAA>8<TAA>1<TAAAA>9
93,<TAAAA>4-5<TATAA>1<TAAAA>6-11<TAA>1<TAAAA>5-9,<TAAAA>4<TATAA>1<TAAAA>7<TAA>1<TAAAA>6
103,<TAAAA>2-1060<TAA>1<TAAAA>3-8,<TAAAA>13<TAA>1<TAAAA>7
103,<TAAAA>4-5<TATAA>1<TAAAA>6-11<TAA>1<TAAAA>5-9,<TAAAA>4<TATAA>1<TAAAA>7<TAA>1<TAAAA>8
108,<TAAAA>4-5<TATAA>1<TAAAA>6-11<TAA>1<TAAAA>5-9,<TAAAA>4<TATAA>1<TAAAA>7<TAA>1<TAAAA>9
118,<TAAAA>4-5<TATAA>1<TAAAA>6-11<TAA>1<TAAAA>5-9,<TAAAA>4<TATAA>1<TAAAA>9<TAA>1<TAAAA>9
93,<TAAAA>4-5<TATAA>1<TAAAA>6-11<TAA>1<TAAAA>5-9,<TAAAA>4<TATAA>1<TAAAA>7<TAA>1<TAAAA>6
93,<TAAAA>4-5<TATAA>1<TAAAA>6-11<TAA>1<TAAAA>5-9,<TAAAA>4<TATAA>1<TAAAA>7<TAA>1<TAAAA>6
93,<TAAAA>4-5<TATAA>1<TAAAA>6-11<TAA>1<TAAAA>5-9,<TAAAA>4<TATAA>1<TAAAA>7<TAA>1<TAAAA>6
60,<TAAAA>9-810,<TAAAA>12
93,<TAAAA>4-5<TATAA>1<TAAAA>6-11<TAA>1<TAAAA>5-9,<TAAAA>4<TATAA>1<TAAAA>7<TAA>1<TAAAA>6
93,<TAAAA>4-5<TATAA>1<TAAAA>6-11<TAA>1<TAAAA>5-9,<TAAAA>4<TATAA>1<TAAAA>7<TAA>1<TAAAA>6
65,<TAAAA>9-810,<TAAAA>13
70,<TAAAA>9-810,<TAAAA>14
108,<TAAAA>4-5<TATAA>1<TAAAA>6-11<TAA>1<TAAAA>5-9,<TAAAA>4<TATAA>1<TAAAA>8<TAA>1<TAAAA>8
75,<TAAAA>9-810,<TAAAA>15
65,<TAAAA>9-810,<TAAAA>13
65,<TAAAA>9-810,<TAAAA>13
93,<TAAAA>4-5<TATAA>1<TAAAA>6-11<TAA>1<TAAAA>5-9,<TAAAA>4<TATAA>1<TAAAA>7<TAA>1<TAAAA>6
108,<TAAAA>4-5<TATAA>1<TAAAA>6-11<TAA>1<TAAAA>5-9,<TAAAA>4<TATAA>1<TAAAA>9<TAA>1<TAAAA>7
113,<TAAAA>4-5<TATAA>1<TAAAA>6-11<TAA>1<TAAAA>5-9,<TAAAA>4<TATAA>1<TAAAA>10<TAA>1<TAAAA>7
65,<TAAAA>9-810,<TAAAA>13
103,<TAAAA>2-1060<TAA>1<TAAAA>3-8,<TAAAA>13<TAA>1<TAAAA>7
123,<TAAAA>2-1060<TAA>1<TAAAA>3-8,<TAAAA>17<TAA>1<TAAAA>7
108,<TAAAA>2-1060<TAA>1<TAAAA>3-8,<TAAAA>14<TAA>1<TAAAA>7
103,<TAAAA>4-5<TATAA>1<TAAAA>6-11<TAA>1<TAAAA>5-9,<TAAAA>4<TATAA>1<TAAAA>9<TAA>1<TAAAA>6
93,<TAAAA>4-5<TATAA>1<TAAAA>6-11<TAA>1<TAAAA>5-9,<TAAAA>4<TATAA>1<TAAAA>7<TAA>1<TAAAA>6
103,<TAAAA>4-5<TATAA>1<TAAAA>6-11<TAA>1<TAAAA>5-9,<TAAAA>4<TATAA>1<TAAAA>9<TAA>1<TAAAA>6
65,<TAAAA>9-810,<TAAAA>13
70,<TAAAA>9-810,<TAAAA>14
105,<TAAAA>4<TATAA>1<TAAAA>15-17,<TAAAA>4<TATAA>1<TAAAA>16
95,<TAAAA>9-810,<TAAAA>19
103,<TAAAA>2-1060<TAA>1<TAAAA>3-8,<TAAAA>13<TAA>1<TAAAA>7
108,<TAAAA>4-5<TATAA>1<TAAAA>6-11<TAA>1<TAAAA>5-9,<TAAAA>4<TATAA>1<TAAAA>10<TAA>1<TAAAA>6
60,<TAAAA>9-810,<TAAAA>12
113,<TAAAA>4-5<TATAA>1<TAAAA>6-11<TAA>1<TAAAA>5-9,<TAAAA>4<TATAA>1<TAAAA>10<TAA>1<TAAAA>7
108,<TAAAA>4-5<TATAA>1<TAAAA>6-11<TAA>1<TAAAA>5-9,<TAAAA>4<TATAA>1<TAAAA>10<TAA>1<TAAAA>6
93,<TAAAA>4-5<TATAA>1<TAAAA>6-11<TAA>1<TAAAA>5-9,<TAAAA>4<TATAA>1<TAAAA>7<TAA>1<TAAAA>6
93,<TAAAA>4-5<TATAA>1<TAAAA>6-11<TAA>1<TAAAA>5-9,<TAAAA>4<TATAA>1<TAAAA>7<TAA>1<TAAAA>6
108,<TAAAA>4-5<TATAA>1<TAAAA>6-11<TAA>1<TAAAA>5-9,<TAAAA>4<TATAA>1<TAAAA>9<TAA>1<TAAAA>7
65,<TAAAA>9-810,<TAAAA>13
103,<TAAAA>2-1060<TAA>1<TAAAA>3-8,<TAAAA>13<TAA>1<TAAAA>7
65,<TAAAA>9-810,<TAAAA>13
108,<TAAAA>4-5<TATAA>1<TAAAA>6-11<TAA>1<TAAAA>5-9,<TAAAA>4<TATAA>1<TAAAA>9<TAA>1<TAAAA>7
118,<TAAAA>4-5<TATAA>1<TAAAA>6-11<TAA>1<TAAAA>5-9,<TAAAA>4<TATAA>1<TAAAA>11<TAA>1<TAAAA>7
128,<TAAAA>2-1060<TAA>1<TAAAA>3-8,<TAAAA>18<TAA>1<TAAAA>7
108,<TAAAA>2-1060<TAA>1<TAAAA>3-8,<TAAAA>14<TAA>1<TAAAA>7
93,<TAAAA>4-5<TATAA>1<TAAAA>6-11<TAA>1<TAAAA>5-9,<TAAAA>4<TATAA>1<TAAAA>7<TAA>1<TAAAA>6
108,<TAAAA>4-5<TATAA>1<TAAAA>6-11<TAA>1<TAAAA>5-9,<TAAAA>4<TATAA>1<TAAAA>10<TAA>1<TAAAA>6
93,<TAAAA>4-5<TATAA>1<TAAAA>6-11<TAA>1<TAAAA>5-9,<TAAAA>4<TATAA>1<TAAAA>7<TAA>1<TAAAA>6
93,<TAAAA>4-5<TATAA>1<TAAAA>6-11<TAA>1<TAAAA>5-9,<TAAAA>4<TATAA>1<TAAAA>7<TAA>1<TAAAA>6
113,<TAAAA>4-5<TATAA>1<TAAAA>6-11<TAA>1<TAAAA>5-9,<TAAAA>4<TATAA>1<TAAAA>10<TAA>1<TAAAA>7
93,<TAAAA>4-5<TATAA>1<TAAAA>6-11<TAA>1<TAAAA>5-9,<TAAAA>4<TATAA>1<TAAAA>7<TAA>1<TAAAA>6
138,<TAAAA>2-1060<TAA>1<TAAAA>3-8,<TAAAA>20<TAA>1<TAAAA>7
93,<TAAAA>2-1060<TAA>1<TAAAA>3-8,<TAAAA>11<TAA>1<TAAAA>7
118,<TAAAA>2-1060<TAA>1<TAAAA>3-8,<TAAAA>16<TAA>1<TAAAA>7
93,<TAAAA>4-5<TATAA>1<TAAAA>6-11<TAA>1<TAAAA>5-9,<TAAAA>4<TATAA>1<TAAAA>7<TAA>1<TAAAA>6
148,<TAAAA>2-1060<TAA>1<TAAAA>3-8,<TAAAA>22<TAA>1<TAAAA>7
65,<TAAAA>9-810,<TAAAA>13
98,<TAAAA>2-1060<TAA>1<TAAAA>3-8,<TAAAA>12<TAA>1<TAAAA>7
108,<TAAAA>4-5<TATAA>1<TAAAA>6-11<TAA>1<TAAAA>5-9,<TAAAA>4<TATAA>1<TAAAA>8<TAA>1<TAAAA>8
133,<TAAAA>2-1060<TAA>1<TAAAA>3-8,<TAAAA>19<TAA>1<TAAAA>7
93,<TAAAA>2-1060<TAA>1<TAAAA>3-8,<TAAAA>11<TAA>1<TAAAA>7
70,<TAAAA>9-810,<TAAAA>14
108,<TAAAA>4-5<TATAA>1<TAAAA>6-11<TAA>1<TAAAA>5-9,<TAAAA>4<TATAA>1<TAAAA>8<TAA>1<TAAAA>8
65,<TAAAA>9-810,<TAAAA>13
98,<TAAAA>4-5<TATAA>1<TAAAA>6-11<TAA>1<TAAAA>5-9,<TAAAA>4<TATAA>1<TAAAA>8<TAA>1<TAAAA>6
65,<TAAAA>9-810,<TAAAA>13
55,<TAAAA>9-810,<TAAAA>11
103,<TAAAA>2-1060<TAA>1<TAAAA>3-8,<TAAAA>13<TAA>1<TAAAA>7
65,<TAAAA>9-810,<TAAAA>13
65,<TAAAA>9-810,<TAAAA>13
93,<TAAAA>4-5<TATAA>1<TAAAA>6-11<TAA>1<TAAAA>5-9,<TAAAA>4<TATAA>1<TAAAA>7<TAA>1<TAAAA>6
113,<TAAAA>4-5<TATAA>1<TAAAA>6-11<TAA>1<TAAAA>5-9,<TAAAA>4<TATAA>1<TAAAA>10<TAA>1<TAAAA>7
113,<TAAAA>2-1060<TAA>1<TAAAA>3-8,<TAAAA>15<TAA>1<TAAAA>7
60,<TAAAA>9-810,<TAAAA>12
65,<TAAAA>9-810,<TAAAA>13
45,<TAAAA>9-810,<TAAAA>9
108,<TAAAA>2-1060<TAA>1<TAAAA>3-8,<TAAAA>14<TAA>1<TAAAA>7
98,<TAAAA>4-5<TATAA>1<TAAAA>6-11<TAA>1<TAAAA>5-9,<TAAAA>4<TATAA>1<TAAAA>8<TAA>1<TAAAA>6
55,<TAAAA>9-810,<TAAAA>11
108,<TAAAA>2-1060<TAA>1<TAAAA>3-8,<TAAAA>14<TAA>1<TAAAA>7
93,<TAAAA>4-5<TATAA>1<TAAAA>6-11<TAA>1<TAAAA>5-9,<TAAAA>4<TATAA>1<TAAAA>7<TAA>1<TAAAA>6
108,<TAAAA>4-5<TATAA>1<TAAAA>6-11<TAA>1<TAAAA>5-9,<TAAAA>4<TATAA>1<TAAAA>9<TAA>1<TAAAA>7
108,<TAAAA>4-5<TATAA>1<TAAAA>6-11<TAA>1<TAAAA>5-9,<TAAAA>4<TATAA>1<TAAAA>8<TAA>1<TAAAA>8
60,<TAAAA>9-810,<TAAAA>12
93,<TAAAA>4-5<TATAA>1<TAAAA>6-11<TAA>1<TAAAA>5-9,<TAAAA>4<TATAA>1<TAAAA>7<TAA>1<TAAAA>6
93,<TAAAA>4-5<TATAA>1<TAAAA>6-11<TAA>1<TAAAA>5-9,<TAAAA>4<TATAA>1<TAAAA>7<TAA>1<TAAAA>6
108,<TAAAA>2-1060<TAA>1<TAAAA>3-8,<TAAAA>14<TAA>1<TAAAA>7
93,<TAAAA>4-5<TATAA>1<TAAAA>6-11<TAA>1<TAAAA>5-9,<TAAAA>4<TATAA>1<TAAAA>7<TAA>1<TAAAA>6
103,<TAAAA>2-1060<TAA>1<TAAAA>3-8,<TAAAA>13<TAA>1<TAAAA>7
98,<TAAAA>2-1060<TAA>1<TAAAA>3-8,<TAAAA>12<TAA>1<TAAAA>7
108,<TAAAA>4-5<TATAA>1<TAAAA>6-11<TAA>1<TAAAA>5-9,<TAAAA>4<TATAA>1<TAAAA>8<TAA>1<TAAAA>8
108,<TAAAA>4-5<TATAA>1<TAAAA>6-11<TAA>1<TAAAA>5-9,<TAAAA>4<TATAA>1<TAAAA>8<TAA>1<TAAAA>8
103,<TAAAA>4-5<TATAA>1<TAAAA>6-11<TAA>1<TAAAA>5-9,<TAAAA>4<TATAA>1<TAAAA>8<TAA>1<TAAAA>7
108,<TAAAA>4-5<TATAA>1<TAAAA>6-11<TAA>1<TAAAA>5-9,<TAAAA>4<TATAA>1<TAAAA>8<TAA>1<TAAAA>8
60,<TAAAA>9-810,<TAAAA>12
93,<TAAAA>4-5<TATAA>1<TAAAA>6-11<TAA>1<TAAAA>5-9,<TAAAA>4<TATAA>1<TAAAA>7<TAA>1<TAAAA>6
60,<TAAAA>9-810,<TAAAA>12
70,<TAAAA>9-810,<TAAAA>14
94,Other,<TAAAA>11<TAATAATAA>1<TAAAA>6
93,<TAAAA>4-5<TATAA>1<TAAAA>6-11<TAA>1<TAAAA>5-9,<TAAAA>4<TATAA>1<TAAAA>7<TAA>1<TAAAA>6
105,<TAAAA>4<TATAA>1<TAAAA>15-17,<TAAAA>4<TATAA>1<TAAAA>16
108,<TAAAA>4-5<TATAA>1<TAAAA>6-11<TAA>1<TAAAA>5-9,<TAAAA>4<TATAA>1<TAAAA>8<TAA>1<TAAAA>8
93,<TAAAA>4-5<TATAA>1<TAAAA>6-11<TAA>1<TAAAA>5-9,<TAAAA>4<TATAA>1<TAAAA>7<TAA>1<TAAAA>6
98,<TAAAA>2-1060<TAA>1<TAAAA>3-8,<TAAAA>12<TAA>1<TAAAA>7
50,<TAAAA>9-810,<TAAAA>10
93,<TAAAA>4-5<TATAA>1<TAAAA>6-11<TAA>1<TAAAA>5-9,<TAAAA>4<TATAA>1<TAAAA>7<TAA>1<TAAAA>6
108,<TAAAA>4-5<TATAA>1<TAAAA>6-11<TAA>1<TAAAA>5-9,<TAAAA>4<TATAA>1<TAAAA>8<TAA>1<TAAAA>8
93,<TAAAA>4-5<TATAA>1<TAAAA>6-11<TAA>1<TAAAA>5-9,<TAAAA>4<TATAA>1<TAAAA>7<TAA>1<TAAAA>6
103,<TAAAA>2-1060<TAA>1<TAAAA>3-8,<TAAAA>13<TAA>1<TAAAA>7
112,<TAAAA>4<TATAA>1<TAAAA>15-17,<TAAAA>4<TATAA>1<TAAAA>11<A>2<TAAAA>6
88,<TAAAA>4-5<TATAA>1<TAAAA>6-11<TAA>1<TAAAA>5-9,<TAAAA>4<TATAA>1<TAAAA>6<TAA>1<TAAAA>6
108,<TAAAA>4-5<TATAA>1<TAAAA>6-11<TAA>1<TAAAA>5-9,<TAAAA>4<TATAA>1<TAAAA>8<TAA>1<TAAAA>8
103,<TAAAA>2-1060<TAA>1<TAAAA>3-8,<TAAAA>13<TAA>1<TAAAA>7
93,<TAAAA>4-5<TATAA>1<TAAAA>6-11<TAA>1<TAAAA>5-9,<TAAAA>4<TATAA>1<TAAAA>7<TAA>1<TAAAA>6
103,<TAAAA>4-5<TATAA>1<TAAAA>6-11<TAA>1<TAAAA>5-9,<TAAAA>4<TATAA>1<TAAAA>9<TAA>1<TAAAA>6
108,<TAAAA>2-1060<TAA>1<TAAAA>3-8,<TAAAA>14<TAA>1<TAAAA>7
98,<TAAAA>4-5<TATAA>1<TAAAA>6-11<TAA>1<TAAAA>5-9,<TAAAA>4<TATAA>1<TAAAA>8<TAA>1<TAAAA>6
93,<TAAAA>4-5<TATAA>1<TAAAA>6-11<TAA>1<TAAAA>5-9,<TAAAA>4<TATAA>1<TAAAA>7<TAA>1<TAAAA>6
93,<TAAAA>4-5<TATAA>1<TAAAA>6-11<TAA>1<TAAAA>5-9,<TAAAA>4<TATAA>1<TAAAA>7<TAA>1<TAAAA>6
65,<TAAAA>9-810,<TAAAA>13
353,<TAAAA>2-1060<TAA>1<TAAAA>3-8,<TAAAA>63<TAA>1<TAAAA>7
65,<TAAAA>9-810,<TAAAA>13
65,<TAAAA>9-810,<TAAAA>13
103,<TAAAA>2-1060<TAA>1<TAAAA>3-8,<TAAAA>13<TAA>1<TAAAA>7
108,<TAAAA>4-5<TATAA>1<TAAAA>6-11<TAA>1<TAAAA>5-9,<TAAAA>4<TATAA>1<TAAAA>8<TAA>1<TAAAA>8
108,<TAAAA>4-5<TATAA>1<TAAAA>6-11<TAA>1<TAAAA>5-9,<TAAAA>4<TATAA>1<TAAAA>8<TAA>1<TAAAA>8
108,<TAAAA>2-1060<TAA>1<TAAAA>3-8,<TAAAA>14<TAA>1<TAAAA>7
108,<TAAAA>4-5<TATAA>1<TAAAA>6-11<TAA>1<TAAAA>5-9,<TAAAA>4<TATAA>1<TAAAA>8<TAA>1<TAAAA>8
108,<TAAAA>2-1060<TAA>1<TAAAA>3-8,<TAAAA>16<TAA>1<TAAAA>5
118,<TAAAA>2-1060<TAA>1<TAAAA>3-8,<TAAAA>16<TAA>1<TAAAA>7
153,<TAAAA>2-1060<TAA>1<TAAAA>3-8,<TAAAA>23<TAA>1<TAAAA>7
108,<TAAAA>2-1060<TAA>1<TAAAA>3-8,<TAAAA>15<TAA>1<TAAAA>6
65,<TAAAA>9-810,<TAAAA>13
133,<TAAAA>2-1060<TAA>1<TAAAA>3-8,<TAAAA>19<TAA>1<TAAAA>7
93,<TAAAA>4-5<TATAA>1<TAAAA>6-11<TAA>1<TAAAA>5-9,<TAAAA>4<TATAA>1<TAAAA>7<TAA>1<TAAAA>6
70,<TAAAA>9-810,<TAAAA>14
75,<TAAAA>9-810,<TAAAA>15
98,<TAAAA>4-5<TATAA>1<TAAAA>6-11<TAA>1<TAAAA>5-9,<TAAAA>4<TATAA>1<TAAAA>8<TAA>1<TAAAA>6
108,<TAAAA>4-5<TATAA>1<TAAAA>6-11<TAA>1<TAAAA>5-9,<TAAAA>4<TATAA>1<TAAAA>8<TAA>1<TAAAA>8
93,<TAAAA>4-5<TATAA>1<TAAAA>6-11<TAA>1<TAAAA>5-9,<TAAAA>4<TATAA>1<TAAAA>7<TAA>1<TAAAA>6
113,<TAAAA>4-5<TATAA>1<TAAAA>6-11<TAA>1<TAAAA>5-9,<TAAAA>4<TATAA>1<TAAAA>10<TAA>1<TAAAA>7
103,<TAAAA>2-1060<TAA>1<TAAAA>3-8,<TAAAA>13<TAA>1<TAAAA>7
65,<TAAAA>9-810,<TAAAA>13
65,<TAAAA>9-810,<TAAAA>13
303,<TAAAA>2-1060<TAA>1<TAAAA>3-8,<TAAAA>54<TAA>1<TAAAA>6
108,<TAAAA>4-5<TATAA>1<TAAAA>6-11<TAA>1<TAAAA>5-9,<TAAAA>4<TATAA>1<TAAAA>8<TAA>1<TAAAA>8
293,<TAAAA>2-1060<TAA>1<TAAAA>3-8,<TAAAA>52<TAA>1<TAAAA>6
93,<TAAAA>2-1060<TAA>1<TAAAA>3-8,<TAAAA>11<TAA>1<TAAAA>7
65,<TAAAA>9-810,<TAAAA>13
108,<TAAAA>4-5<TATAA>1<TAAAA>6-11<TAA>1<TAAAA>5-9,<TAAAA>4<TATAA>1<TAAAA>8<TAA>1<TAAAA>8
128,<TAAAA>2-1060<TAA>1<TAAAA>3-8,<TAAAA>18<TAA>1<TAAAA>7
108,<TAAAA>4-5<TATAA>1<TAAAA>6-11<TAA>1<TAAAA>5-9,<TAAAA>4<TATAA>1<TAAAA>8<TAA>1<TAAAA>8
128,<TAAAA>2-1060<TAA>1<TAAAA>3-8,<TAAAA>18<TAA>1<TAAAA>7
65,<TAAAA>9-810,<TAAAA>13
93,<TAAAA>2-1060<TAA>1<TAAAA>3-8,<TAAAA>11<TAA>1<TAAAA>7
280,<TAAAA>9-810,<TAAAA>56
98,<TAAAA>2-1060<TAA>1<TAAAA>3-8,<TAAAA>12<TAA>1<TAAAA>7
60,<TAAAA>9-810,<TAAAA>12
93,<TAAAA>4-5<TATAA>1<TAAAA>6-11<TAA>1<TAAAA>5-9,<TAAAA>4<TATAA>1<TAAAA>7<TAA>1<TAAAA>6
118,<TAAAA>2-1060<TAA>1<TAAAA>3-8,<TAAAA>16<TAA>1<TAAAA>7
98,<TAAAA>4-5<TATAA>1<TAAAA>6-11<TAA>1<TAAAA>5-9,<TAAAA>4<TATAA>1<TAAAA>6<TAA>1<TAAAA>8
98,<TAAAA>2-1060<TAA>1<TAAAA>3-8,<TAAAA>12<TAA>1<TAAAA>7
93,<TAAAA>4-5<TATAA>1<TAAAA>6-11<TAA>1<TAAAA>5-9,<TAAAA>4<TATAA>1<TAAAA>7<TAA>1<TAAAA>6
98,<TAAAA>4-5<TATAA>1<TAAAA>6-11<TAA>1<TAAAA>5-9,<TAAAA>4<TATAA>1<TAAAA>8<TAA>1<TAAAA>6
93,<TAAAA>2-1060<TAA>1<TAAAA>3-8,<TAAAA>11<TAA>1<TAAAA>7
93,<TAAAA>4-5<TATAA>1<TAAAA>6-11<TAA>1<TAAAA>5-9,<TAAAA>4<TATAA>1<TAAAA>7<TAA>1<TAAAA>6
65,<TAAAA>9-810,<TAAAA>13
93,<TAAAA>4-5<TATAA>1<TAAAA>6-11<TAA>1<TAAAA>5-9,<TAAAA>4<TATAA>1<TAAAA>7<TAA>1<TAAAA>6
108,<TAAAA>4-5<TATAA>1<TAAAA>6-11<TAA>1<TAAAA>5-9,<TAAAA>4<TATAA>1<TAAAA>8<TAA>1<TAAAA>8
98,<TAAAA>2-1060<TAA>1<TAAAA>3-8,<TAAAA>12<TAA>1<TAAAA>7
103,<TAAAA>2-1060<TAA>1<TAAAA>3-8,<TAAAA>13<TAA>1<TAAAA>7
93,<TAAAA>4-5<TATAA>1<TAAAA>6-11<TAA>1<TAAAA>5-9,<TAAAA>4<TATAA>1<TAAAA>7<TAA>1<TAAAA>6
65,<TAAAA>9-810,<TAAAA>13
65,<TAAAA>9-810,<TAAAA>13
108,<TAAAA>4-5<TATAA>1<TAAAA>6-11<TAA>1<TAAAA>5-9,<TAAAA>4<TATAA>1<TAAAA>8<TAA>1<TAAAA>8
113,<TAAAA>4-5<TATAA>1<TAAAA>6-11<TAA>1<TAAAA>5-9,<TAAAA>4<TATAA>1<TAAAA>9<TAA>1<TAAAA>8
98,<TAAAA>2-1060<TAA>1<TAAAA>3-8,<TAAAA>13<TAA>1<TAAAA>6
103,<TAAAA>2-1060<TAA>1<TAAAA>3-8,<TAAAA>13<TAA>1<TAAAA>7
55,<TAAAA>9-810,<TAAAA>11
128,<TAAAA>2-1060<TAA>1<TAAAA>3-8,<TAAAA>18<TAA>1<TAAAA>7
98,<TAAAA>2-1060<TAA>1<TAAAA>3-8,<TAAAA>12<TAA>1<TAAAA>7
70,<TAAAA>9-810,<TAAAA>14
103,<TAAAA>2-1060<TAA>1<TAAAA>3-8,<TAAAA>13<TAA>1<TAAAA>7
93,<TAAAA>4-5<TATAA>1<TAAAA>6-11<TAA>1<TAAAA>5-9,<TAAAA>4<TATAA>1<TAAAA>7<TAA>1<TAAAA>6
113,<TAAAA>4-5<TATAA>1<TAAAA>6-11<TAA>1<TAAAA>5-9,<TAAAA>4<TATAA>1<TAAAA>9<TAA>1<TAAAA>8
108,<TAAAA>4-5<TATAA>1<TAAAA>6-11<TAA>1<TAAAA>5-9,<TAAAA>4<TATAA>1<TAAAA>8<TAA>1<TAAAA>8
98,<TAAAA>4-5<TATAA>1<TAAAA>6-11<TAA>1<TAAAA>5-9,<TAAAA>4<TATAA>1<TAAAA>7<TAA>1<TAAAA>7
108,<TAAAA>4-5<TATAA>1<TAAAA>6-11<TAA>1<TAAAA>5-9,<TAAAA>4<TATAA>1<TAAAA>9<TAA>1<TAAAA>7
50,<TAAAA>9-810,<TAAAA>10
65,<TAAAA>9-810,<TAAAA>13
93,<TAAAA>4-5<TATAA>1<TAAAA>6-11<TAA>1<TAAAA>5-9,<TAAAA>4<TATAA>1<TAAAA>7<TAA>1<TAAAA>6
65,<TAAAA>9-810,<TAAAA>13
108,<TAAAA>4-5<TATAA>1<TAAAA>6-11<TAA>1<TAAAA>5-9,<TAAAA>4<TATAA>1<TAAAA>9<TAA>1<TAAAA>7
113,<TAAAA>4-5<TATAA>1<TAAAA>6-11<TAA>1<TAAAA>5-9,<TAAAA>4<TATAA>1<TAAAA>10<TAA>1<TAAAA>7
60,<TAAAA>9-810,<TAAAA>12
60,<TAAAA>9-810,<TAAAA>12
60,<TAAAA>9-810,<TAAAA>12
93,<TAAAA>4-5<TATAA>1<TAAAA>6-11<TAA>1<TAAAA>5-9,<TAAAA>4<TATAA>1<TAAAA>7<TAA>1<TAAAA>6
93,<TAAAA>4-5<TATAA>1<TAAAA>6-11<TAA>1<TAAAA>5-9,<TAAAA>4<TATAA>1<TAAAA>7<TAA>1<TAAAA>6
65,<TAAAA>9-810,<TAAAA>13
99,Other,<TAAAA>4<TATAA>1<TAAAA>7<TAATAATAA>1<TAAAA>6
108,<TAAAA>4-5<TATAA>1<TAAAA>6-11<TAA>1<TAAAA>5-9,<TAAAA>4<TATAA>1<TAAAA>8<TAA>1<TAAAA>8
60,<TAAAA>9-810,<TAAAA>12
108,<TAAAA>4-5<TATAA>1<TAAAA>6-11<TAA>1<TAAAA>5-9,<TAAAA>4<TATAA>1<TAAAA>9<TAA>1<TAAAA>7
113,<TAAAA>4-5<TATAA>1<TAAAA>6-11<TAA>1<TAAAA>5-9,<TAAAA>4<TATAA>1<TAAAA>8<TAA>1<TAAAA>9
45,<TAAAA>9-810,<TAAAA>9
108,<TAAAA>4-5<TATAA>1<TAAAA>6-11<TAA>1<TAAAA>5-9,<TAAAA>4<TATAA>1<TAAAA>8<TAA>1<TAAAA>8
113,<TAAAA>4-5<TATAA>1<TAAAA>6-11<TAA>1<TAAAA>5-9,<TAAAA>4<TATAA>1<TAAAA>9<TAA>1<TAAAA>8
103,<TAAAA>2-1060<TAA>1<TAAAA>3-8,<TAAAA>14<TAA>1<TAAAA>6
88,<TAAAA>4-5<TATAA>1<TAAAA>6-11<TAA>1<TAAAA>5-9,<TAAAA>4<TATAA>1<TAAAA>7<TAA>1<TAAAA>5
103,<TAAAA>4-5<TATAA>1<TAAAA>6-11<TAA>1<TAAAA>5-9,<TAAAA>4<TATAA>1<TAAAA>9<TAA>1<TAAAA>6
108,<TAAAA>4-5<TATAA>1<TAAAA>6-11<TAA>1<TAAAA>5-9,<TAAAA>4<TATAA>1<TAAAA>9<TAA>1<TAAAA>7
93,<TAAAA>4-5<TATAA>1<TAAAA>6-11<TAA>1<TAAAA>5-9,<TAAAA>4<TATAA>1<TAAAA>7<TAA>1<TAAAA>6
60,<TAAAA>9-810,<TAAAA>12
108,<TAAAA>4-5<TATAA>1<TAAAA>6-11<TAA>1<TAAAA>5-9,<TAAAA>4<TATAA>1<TAAAA>8<TAA>1<TAAAA>8
98,<TAAAA>4-5<TATAA>1<TAAAA>6-11<TAA>1<TAAAA>5-9,<TAAAA>4<TATAA>1<TAAAA>8<TAA>1<TAAAA>6
98,<TAAAA>4-5<TATAA>1<TAAAA>6-11<TAA>1<TAAAA>5-9,<TAAAA>4<TATAA>1<TAAAA>8<TAA>1<TAAAA>6
45,<TAAAA>9-810,<TAAAA>9
98,<TAAAA>4-5<TATAA>1<TAAAA>6-11<TAA>1<TAAAA>5-9,<TAAAA>4<TATAA>1<TAAAA>8<TAA>1<TAAAA>6
60,<TAAAA>9-810,<TAAAA>12
93,<TAAAA>4-5<TATAA>1<TAAAA>6-11<TAA>1<TAAAA>5-9,<TAAAA>4<TATAA>1<TAAAA>7<TAA>1<TAAAA>6
60,<TAAAA>9-810,<TAAAA>12
60,<TAAAA>9-810,<TAAAA>12
60,<TAAAA>9-810,<TAAAA>12
88,<TAAAA>4-5<TATAA>1<TAAAA>6-11<TAA>1<TAAAA>5-9,<TAAAA>4<TATAA>1<TAAAA>6<TAA>1<TAAAA>6
60,<TAAAA>9-810,<TAAAA>12
60,<TAAAA>9-810,<TAAAA>12
118,<TAAAA>4-5<TATAA>1<TAAAA>6-11<TAA>1<TAAAA>5-9,<TAAAA>4<TATAA>1<TAAAA>9<TAA>1<TAAAA>9
108,<TAAAA>4-5<TATAA>1<TAAAA>6-11<TAA>1<TAAAA>5-9,<TAAAA>4<TATAA>1<TAAAA>9<TAA>1<TAAAA>7
108,<TAAAA>4-5<TATAA>1<TAAAA>6-11<TAA>1<TAAAA>5-9,<TAAAA>4<TATAA>1<TAAAA>8<TAA>1<TAAAA>8
108,<TAAAA>4-5<TATAA>1<TAAAA>6-11<TAA>1<TAAAA>5-9,<TAAAA>4<TATAA>1<TAAAA>9<TAA>1<TAAAA>7
60,<TAAAA>9-810,<TAAAA>12
60,<TAAAA>9-810,<TAAAA>12
108,<TAAAA>2-1060<TAA>1<TAAAA>3-8,<TAAAA>14<TAA>1<TAAAA>7
98,<TAAAA>4-5<TATAA>1<TAAAA>6-11<TAA>1<TAAAA>5-9,<TAAAA>4<TATAA>1<TAAAA>7<TAA>1<TAAAA>7
45,<TAAAA>9-810,<TAAAA>9
91,Other,<TAAAA>4<TATAA>1<TAAAA>6<TAATAA>1<TAAAA>6
55,<TAAAA>9-810,<TAAAA>11
108,<TAAAA>2-1060<TAA>1<TAAAA>3-8,<TAAAA>13<TAA>1<TAAAA>8
45,<TAAAA>9-810,<TAAAA>9
93,<TAAAA>4-5<TATAA>1<TAAAA>6-11<TAA>1<TAAAA>5-9,<TAAAA>4<TATAA>1<TAAAA>7<TAA>1<TAAAA>6
111,Other,<TAAAA>4<TATAA>1<TAAAA>8<TAATAATATAA>1<TAAAA>7
113,<TAAAA>4-5<TATAA>1<TAAAA>6-11<TAA>1<TAAAA>5-9,<TAAAA>4<TATAA>1<TAAAA>8<TAA>1<TAAAA>9
60,<TAAAA>9-810,<TAAAA>12
55,<TAAAA>9-810,<TAAAA>11
55,<TAAAA>9-810,<TAAAA>11
93,<TAAAA>4-5<TATAA>1<TAAAA>6-11<TAA>1<TAAAA>5-9,<TAAAA>4<TATAA>1<TAAAA>7<TAA>1<TAAAA>6
93,<TAAAA>4-5<TATAA>1<TAAAA>6-11<TAA>1<TAAAA>5-9,<TAAAA>4<TATAA>1<TAAAA>7<TAA>1<TAAAA>6
108,<TAAAA>2-1060<TAA>1<TAAAA>3-8,<TAAAA>14<TAA>1<TAAAA>7
103,<TAAAA>4-5<TATAA>1<TAAAA>6-11<TAA>1<TAAAA>5-9,<TAAAA>4<TATAA>1<TAAAA>7<TAA>1<TAAAA>8
118,<TAAAA>4-5<TATAA>1<TAAAA>6-11<TAA>1<TAAAA>5-9,<TAAAA>4<TATAA>1<TAAAA>11<TAA>1<TAAAA>7
45,<TAAAA>9-810,<TAAAA>9
65,<TAAAA>9-810,<TAAAA>13
103,<TAAAA>2-1060<TAA>1<TAAAA>3-8,<TAAAA>13<TAA>1<TAAAA>7
65,<TAAAA>9-810,<TAAAA>13
60,<TAAAA>9-810,<TAAAA>12
60,<TAAAA>9-810,<TAAAA>12
65,<TAAAA>9-810,<TAAAA>13
55,<TAAAA>9-810,<TAAAA>11
93,<TAAAA>4-5<TATAA>1<TAAAA>6-11<TAA>1<TAAAA>5-9,<TAAAA>4<TATAA>1<TAAAA>7<TAA>1<TAAAA>6
65,<TAAAA>9-810,<TAAAA>13
45,<TAAAA>9-810,<TAAAA>9
45,<TAAAA>9-810,<TAAAA>9
93,<TAAAA>4-5<TATAA>1<TAAAA>6-11<TAA>1<TAAAA>5-9,<TAAAA>4<TATAA>1<TAAAA>7<TAA>1<TAAAA>6
60,<TAAAA>9-810,<TAAAA>12
93,<TAAAA>4-5<TATAA>1<TAAAA>6-11<TAA>1<TAAAA>5-9,<TAAAA>4<TATAA>1<TAAAA>7<TAA>1<TAAAA>6
103,<TAAAA>4-5<TATAA>1<TAAAA>6-11<TAA>1<TAAAA>5-9,<TAAAA>4<TATAA>1<TAAAA>8<TAA>1<TAAAA>7
93,<TAAAA>4-5<TATAA>1<TAAAA>6-11<TAA>1<TAAAA>5-9,<TAAAA>4<TATAA>1<TAAAA>7<TAA>1<TAAAA>6
45,<TAAAA>9-810,<TAAAA>9
65,<TAAAA>9-810,<TAAAA>13
113,<TAAAA>4-5<TATAA>1<TAAAA>6-11<TAA>1<TAAAA>5-9,<TAAAA>4<TATAA>1<TAAAA>9<TAA>1<TAAAA>8
65,<TAAAA>9-810,<TAAAA>13
93,<TAAAA>4-5<TATAA>1<TAAAA>6-11<TAA>1<TAAAA>5-9,<TAAAA>4<TATAA>1<TAAAA>7<TAA>1<TAAAA>6
93,<TAAAA>4-5<TATAA>1<TAAAA>6-11<TAA>1<TAAAA>5-9,<TAAAA>4<TATAA>1<TAAAA>7<TAA>1<TAAAA>6
60,<TAAAA>9-810,<TAAAA>12
93,<TAAAA>4-5<TATAA>1<TAAAA>6-11<TAA>1<TAAAA>5-9,<TAAAA>4<TATAA>1<TAAAA>7<TAA>1<TAAAA>6
128,<TAAAA>4-5<TATAA>1<TAAAA>6-11<TAA>1<TAAAA>5-9,<TAAAA>4<TATAA>1<TAAAA>11<TAA>1<TAAAA>9
108,<TAAAA>4-5<TATAA>1<TAAAA>6-11<TAA>1<TAAAA>5-9,<TAAAA>4<TATAA>1<TAAAA>8<TAA>1<TAAAA>8
45,<TAAAA>9-810,<TAAAA>9
93,<TAAAA>4-5<TATAA>1<TAAAA>6-11<TAA>1<TAAAA>5-9,<TAAAA>4<TATAA>1<TAAAA>7<TAA>1<TAAAA>6
93,<TAAAA>4-5<TATAA>1<TAAAA>6-11<TAA>1<TAAAA>5-9,<TAAAA>4<TATAA>1<TAAAA>7<TAA>1<TAAAA>6
108,<TAAAA>4-5<TATAA>1<TAAAA>6-11<TAA>1<TAAAA>5-9,<TAAAA>4<TATAA>1<TAAAA>8<TAA>1<TAAAA>8
65,<TAAAA>9-810,<TAAAA>13
65,<TAAAA>9-810,<TAAAA>13
103,<TAAAA>2-1060<TAA>1<TAAAA>3-8,<TAAAA>13<TAA>1<TAAAA>7
108,<TAAAA>2-1060<TAA>1<TAAAA>3-8,<TAAAA>14<TAA>1<TAAAA>7
60,<TAAAA>9-810,<TAAAA>12
93,<TAAAA>4-5<TATAA>1<TAAAA>6-11<TAA>1<TAAAA>5-9,<TAAAA>4<TATAA>1<TAAAA>7<TAA>1<TAAAA>6
113,<TAAAA>2-1060<TAA>1<TAAAA>3-8,<TAAAA>15<TAA>1<TAAAA>7
65,<TAAAA>9-810,<TAAAA>13
163,<TAAAA>2-1060<TAA>1<TAAAA>3-8,<TAAAA>26<TAA>1<TAAAA>6
60,<TAAAA>9-810,<TAAAA>12
98,<TAAAA>2-1060<TAA>1<TAAAA>3-8,<TAAAA>12<TAA>1<TAAAA>7
65,<TAAAA>9-810,<TAAAA>13
113,<TAAAA>2-1060<TAA>1<TAAAA>3-8,<TAAAA>15<TAA>1<TAAAA>7
98,<TAAAA>2-1060<TAA>1<TAAAA>3-8,<TAAAA>12<TAA>1<TAAAA>7
113,<TAAAA>2-1060<TAA>1<TAAAA>3-8,<TAAAA>15<TAA>1<TAAAA>7
173,<TAAAA>2-1060<TAA>1<TAAAA>3-8,<TAAAA>27<TAA>1<TAAAA>7
65,<TAAAA>9-810,<TAAAA>13
103,<TAAAA>2-1060<TAA>1<TAAAA>3-8,<TAAAA>13<TAA>1<TAAAA>7
60,<TAAAA>9-810,<TAAAA>12
108,<TAAAA>4-5<TATAA>1<TAAAA>6-11<TAA>1<TAAAA>5-9,<TAAAA>4<TATAA>1<TAAAA>8<TAA>1<TAAAA>8
108,<TAAAA>4-5<TATAA>1<TAAAA>6-11<TAA>1<TAAAA>5-9,<TAAAA>4<TATAA>1<TAAAA>8<TAA>1<TAAAA>8
93,<TAAAA>4-5<TATAA>1<TAAAA>6-11<TAA>1<TAAAA>5-9,<TAAAA>4<TATAA>1<TAAAA>7<TAA>1<TAAAA>6
148,<TAAAA>2-1060<TAA>1<TAAAA>3-8,<TAAAA>22<TAA>1<TAAAA>7
118,<TAAAA>2-1060<TAA>1<TAAAA>3-8,<TAAAA>17<TAA>1<TAAAA>6
60,<TAAAA>9-810,<TAAAA>12
70,<TAAAA>9-810,<TAAAA>14
60,<TAAAA>9-810,<TAAAA>12
65,<TAAAA>9-810,<TAAAA>13
65,<TAAAA>9-810,<TAAAA>13
108,<TAAAA>2-1060<TAA>1<TAAAA>3-8,<TAAAA>14<TAA>1<TAAAA>7
65,<TAAAA>9-810,<TAAAA>13
163,<TAAAA>2-1060<TAA>1<TAAAA>3-8,<TAAAA>26<TAA>1<TAAAA>6
98,<TAAAA>2-1060<TAA>1<TAAAA>3-8,<TAAAA>12<TAA>1<TAAAA>7
60,<TAAAA>9-810,<TAAAA>12
178,<TAAAA>2-1060<TAA>1<TAAAA>3-8,<TAAAA>28<TAA>1<TAAAA>7
103,<TAAAA>2-1060<TAA>1<TAAAA>3-8,<TAAAA>13<TAA>1<TAAAA>7
65,<TAAAA>9-810,<TAAAA>13
108,<TAAAA>2-1060<TAA>1<TAAAA>3-8,<TAAAA>14<TAA>1<TAAAA>7
60,<TAAAA>9-810,<TAAAA>12
60,<TAAAA>9-810,<TAAAA>12
4057,<TAAAA>9-810,<TAAAA>351<A>4<TAAAA>455<A>3<TAAAA>4
103,<TAAAA>2-1060<TAA>1<TAAAA>3-8,<TAAAA>13<TAA>1<TAAAA>7
108,<TAAAA>2-1060<TAA>1<TAAAA>3-8,<TAAAA>14<TAA>1<TAAAA>7
103,<TAAAA>2-1060<TAA>1<TAAAA>3-8,<TAAAA>13<TAA>1<TAAAA>7
60,<TAAAA>9-810,<TAAAA>12
113,<TAAAA>2-1060<TAA>1<TAAAA>3-8,<TAAAA>15<TAA>1<TAAAA>7
118,<TAAAA>2-1060<TAA>1<TAAAA>3-8,<TAAAA>16<TAA>1<TAAAA>7
75,<TAAAA>9-810,<TAAAA>15
98,<TAAAA>2-1060<TAA>1<TAAAA>3-8,<TAAAA>12<TAA>1<TAAAA>7
158,<TAAAA>2-1060<TAA>1<TAAAA>3-8,<TAAAA>24<TAA>1<TAAAA>7
113,<TAAAA>4-5<TATAA>1<TAAAA>6-11<TAA>1<TAAAA>5-9,<TAAAA>4<TATAA>1<TAAAA>10<TAA>1<TAAAA>7
168,<TAAAA>2-1060<TAA>1<TAAAA>3-8,<TAAAA>26<TAA>1<TAAAA>7
108,<TAAAA>2-1060<TAA>1<TAAAA>3-8,<TAAAA>14<TAA>1<TAAAA>7
65,<TAAAA>9-810,<TAAAA>13
60,<TAAAA>9-810,<TAAAA>12
65,<TAAAA>9-810,<TAAAA>13
60,<TAAAA>9-810,<TAAAA>12
60,<TAAAA>9-810,<TAAAA>12
93,<TAAAA>4-5<TATAA>1<TAAAA>6-11<TAA>1<TAAAA>5-9,<TAAAA>4<TATAA>1<TAAAA>7<TAA>1<TAAAA>6
108,<TAAAA>2-1060<TAA>1<TAAAA>3-8,<TAAAA>14<TAA>1<TAAAA>7
108,<TAAAA>2-1060<TAA>1<TAAAA>3-8,<TAAAA>14<TAA>1<TAAAA>7
65,<TAAAA>9-810,<TAAAA>13
158,<TAAAA>2-1060<TAA>1<TAAAA>3-8,<TAAAA>25<TAA>1<TAAAA>6
60,<TAAAA>9-810,<TAAAA>12
103,<TAAAA>2-1060<TAA>1<TAAAA>3-8,<TAAAA>13<TAA>1<TAAAA>7
98,<TAAAA>2-1060<TAA>1<TAAAA>3-8,<TAAAA>12<TAA>1<TAAAA>7
108,<TAAAA>2-1060<TAA>1<TAAAA>3-8,<TAAAA>14<TAA>1<TAAAA>7
108,<TAAAA>4-5<TATAA>1<TAAAA>6-11<TAA>1<TAAAA>5-9,<TAAAA>4<TATAA>1<TAAAA>8<TAA>1<TAAAA>8
158,<TAAAA>2-1060<TAA>1<TAAAA>3-8,<TAAAA>26<TAA>1<TAAAA>5
103,<TAAAA>2-1060<TAA>1<TAAAA>3-8,<TAAAA>13<TAA>1<TAAAA>7
45,<TAAAA>9-810,<TAAAA>9
118,<TAAAA>4-5<TATAA>1<TAAAA>6-11<TAA>1<TAAAA>5-9,<TAAAA>4<TATAA>1<TAAAA>9<TAA>1<TAAAA>9
108,<TAAAA>4-5<TATAA>1<TAAAA>6-11<TAA>1<TAAAA>5-9,<TAAAA>4<TATAA>1<TAAAA>8<TAA>1<TAAAA>8
65,<TAAAA>9-810,<TAAAA>13
113,<TAAAA>4-5<TATAA>1<TAAAA>6-11<TAA>1<TAAAA>5-9,<TAAAA>4<TATAA>1<TAAAA>10<TAA>1<TAAAA>7
103,<TAAAA>4-5<TATAA>1<TAAAA>6-11<TAA>1<TAAAA>5-9,<TAAAA>4<TATAA>1<TAAAA>8<TAA>1<TAAAA>7
45,<TAAAA>9-810,<TAAAA>9
108,<TAAAA>4-5<TATAA>1<TAAAA>6-11<TAA>1<TAAAA>5-9,<TAAAA>4<TATAA>1<TAAAA>8<TAA>1<TAAAA>8
70,<TAAAA>9-810,<TAAAA>14
93,<TAAAA>4-5<TATAA>1<TAAAA>6-11<TAA>1<TAAAA>5-9,<TAAAA>4<TATAA>1<TAAAA>7<TAA>1<TAAAA>6
65,<TAAAA>9-810,<TAAAA>13
45,<TAAAA>9-810,<TAAAA>9
93,<TAAAA>4-5<TATAA>1<TAAAA>6-11<TAA>1<TAAAA>5-9,<TAAAA>4<TATAA>1<TAAAA>7<TAA>1<TAAAA>6
108,<TAAAA>4-5<TATAA>1<TAAAA>6-11<TAA>1<TAAAA>5-9,<TAAAA>4<TATAA>1<TAAAA>8<TAA>1<TAAAA>8
70,<TAAAA>9-810,<TAAAA>14
83,<TAAAA>4-5<TATAA>1<TAAAA>6-11<TAA>1<TAAAA>5-9,<TAAAA>4<TATAA>1<TAAAA>6<TAA>1<TAAAA>5
93,<TAAAA>4-5<TATAA>1<TAAAA>6-11<TAA>1<TAAAA>5-9,<TAAAA>4<TATAA>1<TAAAA>7<TAA>1<TAAAA>6
93,<TAAAA>4-5<TATAA>1<TAAAA>6-11<TAA>1<TAAAA>5-9,<TAAAA>4<TATAA>1<TAAAA>7<TAA>1<TAAAA>6
103,<TAAAA>2-1060<TAA>1<TAAAA>3-8,<TAAAA>13<TAA>1<TAAAA>7
93,<TAAAA>4-5<TATAA>1<TAAAA>6-11<TAA>1<TAAAA>5-9,<TAAAA>4<TATAA>1<TAAAA>7<TAA>1<TAAAA>6
108,<TAAAA>4-5<TATAA>1<TAAAA>6-11<TAA>1<TAAAA>5-9,<TAAAA>4<TATAA>1<TAAAA>8<TAA>1<TAAAA>8
65,<TAAAA>9-810,<TAAAA>13
113,<TAAAA>4-5<TATAA>1<TAAAA>6-11<TAA>1<TAAAA>5-9,<TAAAA>4<TATAA>1<TAAAA>10<TAA>1<TAAAA>7
103,<TAAAA>4-5<TATAA>1<TAAAA>6-11<TAA>1<TAAAA>5-9,<TAAAA>4<TATAA>1<TAAAA>9<TAA>1<TAAAA>6
93,<TAAAA>4-5<TATAA>1<TAAAA>6-11<TAA>1<TAAAA>5-9,<TAAAA>4<TATAA>1<TAAAA>7<TAA>1<TAAAA>6
133,<TAAAA>2-1060<TAA>1<TAAAA>3-8,<TAAAA>19<TAA>1<TAAAA>7
93,<TAAAA>2-1060<TAA>1<TAAAA>3-8,<TAAAA>11<TAA>1<TAAAA>7
70,<TAAAA>9-810,<TAAAA>14
88,<TAAAA>2-1060<TAA>1<TAAAA>3-8,<TAAAA>10<TAA>1<TAAAA>7
118,<TAAAA>2-1060<TAA>1<TAAAA>3-8,<TAAAA>16<TAA>1<TAAAA>7
118,<TAAAA>2-1060<TAA>1<TAAAA>3-8,<TAAAA>16<TAA>1<TAAAA>7
93,<TAAAA>4-5<TATAA>1<TAAAA>6-11<TAA>1<TAAAA>5-9,<TAAAA>4<TATAA>1<TAAAA>7<TAA>1<TAAAA>6
93,<TAAAA>4-5<TATAA>1<TAAAA>6-11<TAA>1<TAAAA>5-9,<TAAAA>4<TATAA>1<TAAAA>7<TAA>1<TAAAA>6
60,<TAAAA>9-810,<TAAAA>12
93,<TAAAA>4-5<TATAA>1<TAAAA>6-11<TAA>1<TAAAA>5-9,<TAAAA>4<TATAA>1<TAAAA>7<TAA>1<TAAAA>6
108,<TAAAA>4-5<TATAA>1<TAAAA>6-11<TAA>1<TAAAA>5-9,<TAAAA>4<TATAA>1<TAAAA>9<TAA>1<TAAAA>7
108,<TAAAA>4-5<TATAA>1<TAAAA>6-11<TAA>1<TAAAA>5-9,<TAAAA>4<TATAA>1<TAAAA>8<TAA>1<TAAAA>8
45,<TAAAA>9-810,<TAAAA>9
108,<TAAAA>4-5<TATAA>1<TAAAA>6-11<TAA>1<TAAAA>5-9,<TAAAA>4<TATAA>1<TAAAA>8<TAA>1<TAAAA>8
93,<TAAAA>4-5<TATAA>1<TAAAA>6-11<TAA>1<TAAAA>5-9,<TAAAA>4<TATAA>1<TAAAA>7<TAA>1<TAAAA>6
93,<TAAAA>4-5<TATAA>1<TAAAA>6-11<TAA>1<TAAAA>5-9,<TAAAA>4<TATAA>1<TAAAA>7<TAA>1<TAAAA>6
108,<TAAAA>2-1060<TAA>1<TAAAA>3-8,<TAAAA>14<TAA>1<TAAAA>7
113,<TAAAA>4-5<TATAA>1<TAAAA>6-11<TAA>1<TAAAA>5-9,<TAAAA>4<TATAA>1<TAAAA>10<TAA>1<TAAAA>7
108,<TAAAA>4-5<TATAA>1<TAAAA>6-11<TAA>1<TAAAA>5-9,<TAAAA>4<TATAA>1<TAAAA>10<TAA>1<TAAAA>6
98,<TAAAA>2-1060<TAA>1<TAAAA>3-8,<TAAAA>12<TAA>1<TAAAA>7
108,<TAAAA>4-5<TATAA>1<TAAAA>6-11<TAA>1<TAAAA>5-9,<TAAAA>4<TATAA>1<TAAAA>8<TAA>1<TAAAA>8
93,<TAAAA>4-5<TATAA>1<TAAAA>6-11<TAA>1<TAAAA>5-9,<TAAAA>4<TATAA>1<TAAAA>7<TAA>1<TAAAA>6
80,<TAAAA>9-810,<TAAAA>16
98,<TAAAA>4-5<TATAA>1<TAAAA>6-11<TAA>1<TAAAA>5-9,<TAAAA>4<TATAA>1<TAAAA>8<TAA>1<TAAAA>6
103,<TAAAA>2-1060<TAA>1<TAAAA>3-8,<TAAAA>13<TAA>1<TAAAA>7
93,<TAAAA>4-5<TATAA>1<TAAAA>6-11<TAA>1<TAAAA>5-9,<TAAAA>4<TATAA>1<TAAAA>7<TAA>1<TAAAA>6
60,<TAAAA>9-810,<TAAAA>12
98,<TAAAA>2-1060<TAA>1<TAAAA>3-8,<TAAAA>13<TAA>1<TAAAA>6
108,<TAAAA>4-5<TATAA>1<TAAAA>6-11<TAA>1<TAAAA>5-9,<TAAAA>4<TATAA>1<TAAAA>8<TAA>1<TAAAA>8
93,<TAAAA>4-5<TATAA>1<TAAAA>6-11<TAA>1<TAAAA>5-9,<TAAAA>4<TATAA>1<TAAAA>7<TAA>1<TAAAA>6
112,<TAAAA>9-810,<TAAAA>16<A>2<TAAAA>6
113,<TAAAA>4-5<TATAA>1<TAAAA>6-11<TAA>1<TAAAA>5-9,<TAAAA>4<TATAA>1<TAAAA>10<TAA>1<TAAAA>7
110,<TAAAA>9-810,<TAAAA>22
103,<TAAAA>4-5<TATAA>1<TAAAA>6-11<TAA>1<TAAAA>5-9,<TAAAA>4<TATAA>1<TAAAA>8<TAA>1<TAAAA>7
128,<TAAAA>2-1060<TAA>1<TAAAA>3-8,<TAAAA>19<TAA>1<TAAAA>6
578,<TAAAA>2-1060<TAA>1<TAAAA>3-8,<TAAAA>112<TAA>1<TAAAA>3
106,<TAAAA>2-1060<TAA>1<TAAAA>3-8,<TAAAA>11<A>3<TAAAA>2<TAA>1<TAAAA>7
108,<TAAAA>4-5<TATAA>1<TAAAA>6-11<TAA>1<TAAAA>5-9,<TAAAA>4<TATAA>1<TAAAA>8<TAA>1<TAAAA>8
50,<TAAAA>9-810,<TAAAA>10
108,<TAAAA>4-5<TATAA>1<TAAAA>6-11<TAA>1<TAAAA>5-9,<TAAAA>4<TATAA>1<TAAAA>8<TAA>1<TAAAA>8
113,<TAAAA>4-5<TATAA>1<TAAAA>6-11<TAA>1<TAAAA>5-9,<TAAAA>4<TATAA>1<TAAAA>9<TAA>1<TAAAA>8
60,<TAAAA>9-810,<TAAAA>12
50,<TAAAA>9-810,<TAAAA>10
98,<TAAAA>4-5<TATAA>1<TAAAA>6-11<TAA>1<TAAAA>5-9,<TAAAA>4<TATAA>1<TAAAA>8<TAA>1<TAAAA>6
45,<TAAAA>9-810,<TAAAA>9
75,<TAAAA>9-810,<TAAAA>15
118,<TAAAA>4-5<TATAA>1<TAAAA>6-11<TAA>1<TAAAA>5-9,<TAAAA>4<TATAA>1<TAAAA>9<TAA>1<TAAAA>9
108,<TAAAA>4-5<TATAA>1<TAAAA>6-11<TAA>1<TAAAA>5-9,<TAAAA>4<TATAA>1<TAAAA>8<TAA>1<TAAAA>8
45,<TAAAA>9-810,<TAAAA>9
60,<TAAAA>9-810,<TAAAA>12
118,<TAAAA>4-5<TATAA>1<TAAAA>6-11<TAA>1<TAAAA>5-9,<TAAAA>4<TATAA>1<TAAAA>9<TAA>1<TAAAA>9
65,<TAAAA>9-810,<TAAAA>13
108,<TAAAA>4-5<TATAA>1<TAAAA>6-11<TAA>1<TAAAA>5-9,<TAAAA>4<TATAA>1<TAAAA>9<TAA>1<TAAAA>7
103,<TAAAA>4-5<TATAA>1<TAAAA>6-11<TAA>1<TAAAA>5-9,<TAAAA>4<TATAA>1<TAAAA>8<TAA>1<TAAAA>7
45,<TAAAA>9-810,<TAAAA>9
65,<TAAAA>9-810,<TAAAA>13
55,<TAAAA>9-810,<TAAAA>11
93,<TAAAA>4-5<TATAA>1<TAAAA>6-11<TAA>1<TAAAA>5-9,<TAAAA>4<TATAA>1<TAAAA>7<TAA>1<TAAAA>6
113,<TAAAA>2-1060<TAA>1<TAAAA>3-8,<TAAAA>15<TAA>1<TAAAA>7
93,<TAAAA>4-5<TATAA>1<TAAAA>6-11<TAA>1<TAAAA>5-9,<TAAAA>4<TATAA>1<TAAAA>7<TAA>1<TAAAA>6
2073,<TAAAA>2-1060<TAA>1<TAAAA>3-8,<TAAAA>407<TAA>1<TAAAA>7
123,<TAAAA>2-1060<TAA>1<TAAAA>3-8,<TAAAA>17<TAA>1<TAAAA>7
5323,<TAAAA>2-1060<TAA>1<TAAAA>3-8,<TAAAA>1060<TAA>1<TAAAA>4
108,<TAAAA>2-1060<TAA>1<TAAAA>3-8,<TAAAA>14<TAA>1<TAAAA>7
108,<TAAAA>4-5<TATAA>1<TAAAA>6-11<TAA>1<TAAAA>5-9,<TAAAA>4<TATAA>1<TAAAA>8<TAA>1<TAAAA>8
175,<TAAAA>9-810,<TAAAA>35
70,<TAAAA>9-810,<TAAAA>14
65,<TAAAA>9-810,<TAAAA>13
93,<TAAAA>4-5<TATAA>1<TAAAA>6-11<TAA>1<TAAAA>5-9,<TAAAA>4<TATAA>1<TAAAA>7<TAA>1<TAAAA>6
70,<TAAAA>9-810,<TAAAA>14
65,<TAAAA>9-810,<TAAAA>13
65,<TAAAA>9-810,<TAAAA>13
103,<TAAAA>4-5<TATAA>1<TAAAA>6-11<TAA>1<TAAAA>5-9,<TAAAA>4<TATAA>1<TAAAA>8<TAA>1<TAAAA>7
93,<TAAAA>4-5<TATAA>1<TAAAA>6-11<TAA>1<TAAAA>5-9,<TAAAA>4<TATAA>1<TAAAA>7<TAA>1<TAAAA>6
93,<TAAAA>4-5<TATAA>1<TAAAA>6-11<TAA>1<TAAAA>5-9,<TAAAA>4<TATAA>1<TAAAA>7<TAA>1<TAAAA>6
102,<TAAAA>4<TATAA>1<TAAAA>15-17,<TAAAA>4<TATAA>1<TAAAA>8<A>2<TAAAA>7
108,<TAAAA>4-5<TATAA>1<TAAAA>6-11<TAA>1<TAAAA>5-9,<TAAAA>4<TATAA>1<TAAAA>8<TAA>1<TAAAA>8
108,<TAAAA>4-5<TATAA>1<TAAAA>6-11<TAA>1<TAAAA>5-9,<TAAAA>4<TATAA>1<TAAAA>8<TAA>1<TAAAA>8
98,<TAAAA>4-5<TATAA>1<TAAAA>6-11<TAA>1<TAAAA>5-9,<TAAAA>4<TATAA>1<TAAAA>8<TAA>1<TAAAA>6
108,<TAAAA>4-5<TATAA>1<TAAAA>6-11<TAA>1<TAAAA>5-9,<TAAAA>4<TATAA>1<TAAAA>8<TAA>1<TAAAA>8
113,<TAAAA>4-5<TATAA>1<TAAAA>6-11<TAA>1<TAAAA>5-9,<TAAAA>4<TATAA>1<TAAAA>10<TAA>1<TAAAA>7
93,<TAAAA>4-5<TATAA>1<TAAAA>6-11<TAA>1<TAAAA>5-9,<TAAAA>4<TATAA>1<TAAAA>7<TAA>1<TAAAA>6
93,<TAAAA>4-5<TATAA>1<TAAAA>6-11<TAA>1<TAAAA>5-9,<TAAAA>4<TATAA>1<TAAAA>7<TAA>1<TAAAA>6
103,<TAAAA>2-1060<TAA>1<TAAAA>3-8,<TAAAA>15<TAA>1<TAAAA>5
45,<TAAAA>9-810,<TAAAA>9
103,<TAAAA>4-5<TATAA>1<TAAAA>6-11<TAA>1<TAAAA>5-9,<TAAAA>4<TATAA>1<TAAAA>7<TAA>1<TAAAA>8
108,<TAAAA>4-5<TATAA>1<TAAAA>6-11<TAA>1<TAAAA>5-9,<TAAAA>4<TATAA>1<TAAAA>7<TAA>1<TAAAA>9
106,Other,<TAAAA>4<TATAA>1<TAAAA>8<TAATAA>1<TAAAA>7
103,<TAAAA>4-5<TATAA>1<TAAAA>6-11<TAA>1<TAAAA>5-9,<TAAAA>4<TATAA>1<TAAAA>8<TAA>1<TAAAA>7
60,<TAAAA>9-810,<TAAAA>12
108,<TAAAA>4-5<TATAA>1<TAAAA>6-11<TAA>1<TAAAA>5-9,<TAAAA>4<TATAA>1<TAAAA>7<TAA>1<TAAAA>9
60,<TAAAA>9-810,<TAAAA>12
108,<TAAAA>4-5<TATAA>1<TAAAA>6-11<TAA>1<TAAAA>5-9,<TAAAA>4<TATAA>1<TAAAA>8<TAA>1<TAAAA>8
60,<TAAAA>9-810,<TAAAA>12
98,<TAAAA>4-5<TATAA>1<TAAAA>6-11<TAA>1<TAAAA>5-9,<TAAAA>4<TATAA>1<TAAAA>8<TAA>1<TAAAA>6
100,<TAAAA>9-810,<TAAAA>20
113,<TAAAA>2-1060<TAA>1<TAAAA>3-8,<TAAAA>15<TAA>1<TAAAA>7
93,<TAAAA>4-5<TATAA>1<TAAAA>6-11<TAA>1<TAAAA>5-9,<TAAAA>4<TATAA>1<TAAAA>7<TAA>1<TAAAA>6
108,<TAAAA>2-1060<TAA>1<TAAAA>3-8,<TAAAA>14<TAA>1<TAAAA>7
93,<TAAAA>4-5<TATAA>1<TAAAA>6-11<TAA>1<TAAAA>5-9,<TAAAA>4<TATAA>1<TAAAA>7<TAA>1<TAAAA>6
93,<TAAAA>4-5<TATAA>1<TAAAA>6-11<TAA>1<TAAAA>5-9,<TAAAA>4<TATAA>1<TAAAA>7<TAA>1<TAAAA>6
108,<TAAAA>4-5<TATAA>1<TAAAA>6-11<TAA>1<TAAAA>5-9,<TAAAA>4<TATAA>1<TAAAA>9<TAA>1<TAAAA>7
103,<TAAAA>4-5<TATAA>1<TAAAA>6-11<TAA>1<TAAAA>5-9,<TAAAA>4<TATAA>1<TAAAA>9<TAA>1<TAAAA>6
103,<TAAAA>4-5<TATAA>1<TAAAA>6-11<TAA>1<TAAAA>5-9,<TAAAA>4<TATAA>1<TAAAA>8<TAA>1<TAAAA>7
65,<TAAAA>9-810,<TAAAA>13
98,<TAAAA>4-5<TATAA>1<TAAAA>6-11<TAA>1<TAAAA>5-9,<TAAAA>4<TATAA>1<TAAAA>8<TAA>1<TAAAA>6
90,<TAAAA>9-810,<TAAAA>18
93,<TAAAA>4-5<TATAA>1<TAAAA>6-11<TAA>1<TAAAA>5-9,<TAAAA>4<TATAA>1<TAAAA>7<TAA>1<TAAAA>6
108,<TAAAA>4-5<TATAA>1<TAAAA>6-11<TAA>1<TAAAA>5-9,<TAAAA>4<TATAA>1<TAAAA>8<TAA>1<TAAAA>8
93,<TAAAA>4-5<TATAA>1<TAAAA>6-11<TAA>1<TAAAA>5-9,<TAAAA>4<TATAA>1<TAAAA>7<TAA>1<TAAAA>6
103,<TAAAA>2-1060<TAA>1<TAAAA>3-8,<TAAAA>13<TAA>1<TAAAA>7
113,<TAAAA>4-5<TATAA>1<TAAAA>6-11<TAA>1<TAAAA>5-9,<TAAAA>4<TATAA>1<TAAAA>10<TAA>1<TAAAA>7
113,<TAAAA>2-1060<TAA>1<TAAAA>3-8,<TAAAA>15<TAA>1<TAAAA>7
108,<TAAAA>2-1060<TAA>1<TAAAA>3-8,<TAAAA>14<TAA>1<TAAAA>7
93,<TAAAA>4-5<TATAA>1<TAAAA>6-11<TAA>1<TAAAA>5-9,<TAAAA>4<TATAA>1<TAAAA>7<TAA>1<TAAAA>6
108,<TAAAA>4-5<TATAA>1<TAAAA>6-11<TAA>1<TAAAA>5-9,<TAAAA>4<TATAA>1<TAAAA>10<TAA>1<TAAAA>6
108,<TAAAA>4-5<TATAA>1<TAAAA>6-11<TAA>1<TAAAA>5-9,<TAAAA>4<TATAA>1<TAAAA>8<TAA>1<TAAAA>8
93,<TAAAA>4-5<TATAA>1<TAAAA>6-11<TAA>1<TAAAA>5-9,<TAAAA>4<TATAA>1<TAAAA>7<TAA>1<TAAAA>6
93,<TAAAA>4-5<TATAA>1<TAAAA>6-11<TAA>1<TAAAA>5-9,<TAAAA>4<TATAA>1<TAAAA>7<TAA>1<TAAAA>6
108,<TAAAA>2-1060<TAA>1<TAAAA>3-8,<TAAAA>14<TAA>1<TAAAA>7
65,<TAAAA>9-810,<TAAAA>13
93,<TAAAA>4-5<TATAA>1<TAAAA>6-11<TAA>1<TAAAA>5-9,<TAAAA>4<TATAA>1<TAAAA>7<TAA>1<TAAAA>6
65,<TAAAA>9-810,<TAAAA>13
93,<TAAAA>4-5<TATAA>1<TAAAA>6-11<TAA>1<TAAAA>5-9,<TAAAA>4<TATAA>1<TAAAA>7<TAA>1<TAAAA>6
98,<TAAAA>4-5<TATAA>1<TAAAA>6-11<TAA>1<TAAAA>5-9,<TAAAA>4<TATAA>1<TAAAA>8<TAA>1<TAAAA>6
98,<TAAAA>2-1060<TAA>1<TAAAA>3-8,<TAAAA>12<TAA>1<TAAAA>7
65,<TAAAA>9-810,<TAAAA>13
65,<TAAAA>9-810,<TAAAA>13
108,<TAAAA>2-1060<TAA>1<TAAAA>3-8,<TAAAA>14<TAA>1<TAAAA>7
103,<TAAAA>2-1060<TAA>1<TAAAA>3-8,<TAAAA>13<TAA>1<TAAAA>7
75,<TAAAA>9-810,<TAAAA>15
108,<TAAAA>4-5<TATAA>1<TAAAA>6-11<TAA>1<TAAAA>5-9,<TAAAA>4<TATAA>1<TAAAA>9<TAA>1<TAAAA>7
103,<TAAAA>2-1060<TAA>1<TAAAA>3-8,<TAAAA>13<TAA>1<TAAAA>7
113,<TAAAA>4-5<TATAA>1<TAAAA>6-11<TAA>1<TAAAA>5-9,<TAAAA>4<TATAA>1<TAAAA>10<TAA>1<TAAAA>7
93,<TAAAA>4-5<TATAA>1<TAAAA>6-11<TAA>1<TAAAA>5-9,<TAAAA>4<TATAA>1<TAAAA>7<TAA>1<TAAAA>6
103,<TAAAA>2-1060<TAA>1<TAAAA>3-8,<TAAAA>13<TAA>1<TAAAA>7
108,<TAAAA>4-5<TATAA>1<TAAAA>6-11<TAA>1<TAAAA>5-9,<TAAAA>4<TATAA>1<TAAAA>8<TAA>1<TAAAA>8
93,<TAAAA>4-5<TATAA>1<TAAAA>6-11<TAA>1<TAAAA>5-9,<TAAAA>4<TATAA>1<TAAAA>7<TAA>1<TAAAA>6
93,<TAAAA>4-5<TATAA>1<TAAAA>6-11<TAA>1<TAAAA>5-9,<TAAAA>4<TATAA>1<TAAAA>7<TAA>1<TAAAA>6
113,<TAAAA>2-1060<TAA>1<TAAAA>3-8,<TAAAA>15<TAA>1<TAAAA>7
93,<TAAAA>2-1060<TAA>1<TAAAA>3-8,<TAAAA>11<TAA>1<TAAAA>7
98,<TAAAA>2-1060<TAA>1<TAAAA>3-8,<TAAAA>12<TAA>1<TAAAA>7
70,<TAAAA>9-810,<TAAAA>14
93,<TAAAA>4-5<TATAA>1<TAAAA>6-11<TAA>1<TAAAA>5-9,<TAAAA>4<TATAA>1<TAAAA>7<TAA>1<TAAAA>6
108,<TAAAA>4-5<TATAA>1<TAAAA>6-11<TAA>1<TAAAA>5-9,<TAAAA>4<TATAA>1<TAAAA>8<TAA>1<TAAAA>8
123,<TAAAA>2-1060<TAA>1<TAAAA>3-8,<TAAAA>17<TAA>1<TAAAA>7
143,<TAAAA>2-1060<TAA>1<TAAAA>3-8,<TAAAA>21<TAA>1<TAAAA>7
118,<TAAAA>2-1060<TAA>1<TAAAA>3-8,<TAAAA>17<TAA>1<TAAAA>6
75,<TAAAA>9-810,<TAAAA>15
65,<TAAAA>9-810,<TAAAA>13
70,<TAAAA>9-810,<TAAAA>14
60,<TAAAA>9-810,<TAAAA>12
133,<TAAAA>2-1060<TAA>1<TAAAA>3-8,<TAAAA>20<TAA>1<TAAAA>6
108,<TAAAA>4-5<TATAA>1<TAAAA>6-11<TAA>1<TAAAA>5-9,<TAAAA>4<TATAA>1<TAAAA>8<TAA>1<TAAAA>8
118,<TAAAA>2-1060<TAA>1<TAAAA>3-8,<TAAAA>16<TAA>1<TAAAA>7
93,<TAAAA>4-5<TATAA>1<TAAAA>6-11<TAA>1<TAAAA>5-9,<TAAAA>4<TATAA>1<TAAAA>7<TAA>1<TAAAA>6
103,<TAAAA>2-1060<TAA>1<TAAAA>3-8,<TAAAA>13<TAA>1<TAAAA>7
60,<TAAAA>9-810,<TAAAA>12
65,<TAAAA>9-810,<TAAAA>13
94,Other,<TAAAA>4<TATAA>1<TAAAA>7<TAATAATAA>1<TAAAA>5
108,<TAAAA>2-1060<TAA>1<TAAAA>3-8,<TAAAA>14<TAA>1<TAAAA>7
98,<TAAAA>4-5<TATAA>1<TAAAA>6-11<TAA>1<TAAAA>5-9,<TAAAA>4<TATAA>1<TAAAA>8<TAA>1<TAAAA>6
113,<TAAAA>2-1060<TAA>1<TAAAA>3-8,<TAAAA>15<TAA>1<TAAAA>7
108,<TAAAA>2-1060<TAA>1<TAAAA>3-8,<TAAAA>14<TAA>1<TAAAA>7
113,<TAAAA>2-1060<TAA>1<TAAAA>3-8,<TAAAA>16<TAA>1<TAAAA>6
65,<TAAAA>9-810,<TAAAA>13
70,<TAAAA>9-810,<TAAAA>14
60,<TAAAA>9-810,<TAAAA>12
93,<TAAAA>4-5<TATAA>1<TAAAA>6-11<TAA>1<TAAAA>5-9,<TAAAA>4<TATAA>1<TAAAA>7<TAA>1<TAAAA>6
103,<TAAAA>2-1060<TAA>1<TAAAA>3-8,<TAAAA>13<TAA>1<TAAAA>7
108,<TAAAA>2-1060<TAA>1<TAAAA>3-8,<TAAAA>14<TAA>1<TAAAA>7
93,<TAAAA>4-5<TATAA>1<TAAAA>6-11<TAA>1<TAAAA>5-9,<TAAAA>4<TATAA>1<TAAAA>7<TAA>1<TAAAA>6
93,<TAAAA>4-5<TATAA>1<TAAAA>6-11<TAA>1<TAAAA>5-9,<TAAAA>4<TATAA>1<TAAAA>7<TAA>1<TAAAA>6
93,<TAAAA>4-5<TATAA>1<TAAAA>6-11<TAA>1<TAAAA>5-9,<TAAAA>4<TATAA>1<TAAAA>7<TAA>1<TAAAA>6
98,<TAAAA>4-5<TATAA>1<TAAAA>6-11<TAA>1<TAAAA>5-9,<TAAAA>4<TATAA>1<TAAAA>8<TAA>1<TAAAA>6
108,<TAAAA>4-5<TATAA>1<TAAAA>6-11<TAA>1<TAAAA>5-9,<TAAAA>4<TATAA>1<TAAAA>8<TAA>1<TAAAA>8
103,<TAAAA>4-5<TATAA>1<TAAAA>6-11<TAA>1<TAAAA>5-9,<TAAAA>4<TATAA>1<TAAAA>8<TAA>1<TAAAA>7
93,<TAAAA>4-5<TATAA>1<TAAAA>6-11<TAA>1<TAAAA>5-9,<TAAAA>4<TATAA>1<TAAAA>7<TAA>1<TAAAA>6
60,<TAAAA>9-810,<TAAAA>12
60,<TAAAA>9-810,<TAAAA>12
93,<TAAAA>4-5<TATAA>1<TAAAA>6-11<TAA>1<TAAAA>5-9,<TAAAA>4<TATAA>1<TAAAA>7<TAA>1<TAAAA>6
70,<TAAAA>9-810,<TAAAA>14
103,<TAAAA>2-1060<TAA>1<TAAAA>3-8,<TAAAA>13<TAA>1<TAAAA>7
93,<TAAAA>4-5<TATAA>1<TAAAA>6-11<TAA>1<TAAAA>5-9,<TAAAA>4<TATAA>1<TAAAA>7<TAA>1<TAAAA>6
93,<TAAAA>4-5<TATAA>1<TAAAA>6-11<TAA>1<TAAAA>5-9,<TAAAA>4<TATAA>1<TAAAA>7<TAA>1<TAAAA>6
108,<TAAAA>4-5<TATAA>1<TAAAA>6-11<TAA>1<TAAAA>5-9,<TAAAA>4<TATAA>1<TAAAA>8<TAA>1<TAAAA>8
93,<TAAAA>4-5<TATAA>1<TAAAA>6-11<TAA>1<TAAAA>5-9,<TAAAA>4<TATAA>1<TAAAA>7<TAA>1<TAAAA>6
105,<TAAAA>9-810,<TAAAA>21
93,<TAAAA>4-5<TATAA>1<TAAAA>6-11<TAA>1<TAAAA>5-9,<TAAAA>4<TATAA>1<TAAAA>7<TAA>1<TAAAA>6
128,<TAAAA>2-1060<TAA>1<TAAAA>3-8,<TAAAA>19<TAA>1<TAAAA>6
108,<TAAAA>4-5<TATAA>1<TAAAA>6-11<TAA>1<TAAAA>5-9,<TAAAA>4<TATAA>1<TAAAA>8<TAA>1<TAAAA>8
93,<TAAAA>4-5<TATAA>1<TAAAA>6-11<TAA>1<TAAAA>5-9,<TAAAA>4<TATAA>1<TAAAA>7<TAA>1<TAAAA>6
103,<TAAAA>2-1060<TAA>1<TAAAA>3-8,<TAAAA>13<TAA>1<TAAAA>7
65,<TAAAA>9-810,<TAAAA>13
55,<TAAAA>9-810,<TAAAA>11
93,<TAAAA>4-5<TATAA>1<TAAAA>6-11<TAA>1<TAAAA>5-9,<TAAAA>4<TATAA>1<TAAAA>7<TAA>1<TAAAA>6
93,<TAAAA>4-5<TATAA>1<TAAAA>6-11<TAA>1<TAAAA>5-9,<TAAAA>4<TATAA>1<TAAAA>7<TAA>1<TAAAA>6
65,<TAAAA>9-810,<TAAAA>13
98,<TAAAA>4-5<TATAA>1<TAAAA>6-11<TAA>1<TAAAA>5-9,<TAAAA>4<TATAA>1<TAAAA>8<TAA>1<TAAAA>6
108,<TAAAA>2-1060<TAA>1<TAAAA>3-8,<TAAAA>14<TAA>1<TAAAA>7
93,<TAAAA>4-5<TATAA>1<TAAAA>6-11<TAA>1<TAAAA>5-9,<TAAAA>4<TATAA>1<TAAAA>7<TAA>1<TAAAA>6
65,<TAAAA>9-810,<TAAAA>13
93,<TAAAA>4-5<TATAA>1<TAAAA>6-11<TAA>1<TAAAA>5-9,<TAAAA>4<TATAA>1<TAAAA>7<TAA>1<TAAAA>6
93,<TAAAA>2-1060<TAA>1<TAAAA>3-8,<TAAAA>11<TAA>1<TAAAA>7
108,<TAAAA>4-5<TATAA>1<TAAAA>6-11<TAA>1<TAAAA>5-9,<TAAAA>4<TATAA>1<TAAAA>8<TAA>1<TAAAA>8
108,<TAAAA>4-5<TATAA>1<TAAAA>6-11<TAA>1<TAAAA>5-9,<TAAAA>4<TATAA>1<TAAAA>8<TAA>1<TAAAA>8
93,<TAAAA>4-5<TATAA>1<TAAAA>6-11<TAA>1<TAAAA>5-9,<TAAAA>4<TATAA>1<TAAAA>7<TAA>1<TAAAA>6
223,<TAAAA>2-1060<TAA>1<TAAAA>3-8,<TAAAA>37<TAA>1<TAAAA>7
55,<TAAAA>9-810,<TAAAA>11
108,<TAAAA>4-5<TATAA>1<TAAAA>6-11<TAA>1<TAAAA>5-9,<TAAAA>4<TATAA>1<TAAAA>8<TAA>1<TAAAA>8
118,<TAAAA>2-1060<TAA>1<TAAAA>3-8,<TAAAA>16<TAA>1<TAAAA>7
98,<TAAAA>4-5<TATAA>1<TAAAA>6-11<TAA>1<TAAAA>5-9,<TAAAA>4<TATAA>1<TAAAA>8<TAA>1<TAAAA>6
65,<TAAAA>9-810,<TAAAA>13
138,<TAAAA>2-1060<TAA>1<TAAAA>3-8,<TAAAA>21<TAA>1<TAAAA>6
183,<TAAAA>2-1060<TAA>1<TAAAA>3-8,<TAAAA>29<TAA>1<TAAAA>7
153,<TAAAA>2-1060<TAA>1<TAAAA>3-8,<TAAAA>23<TAA>1<TAAAA>7
65,<TAAAA>9-810,<TAAAA>13
65,<TAAAA>9-810,<TAAAA>13
93,<TAAAA>4-5<TATAA>1<TAAAA>6-11<TAA>1<TAAAA>5-9,<TAAAA>4<TATAA>1<TAAAA>7<TAA>1<TAAAA>6
98,<TAAAA>2-1060<TAA>1<TAAAA>3-8,<TAAAA>13<TAA>1<TAAAA>6
98,<TAAAA>2-1060<TAA>1<TAAAA>3-8,<TAAAA>13<TAA>1<TAAAA>6
128,<TAAAA>2-1060<TAA>1<TAAAA>3-8,<TAAAA>18<TAA>1<TAAAA>7
93,<TAAAA>2-1060<TAA>1<TAAAA>3-8,<TAAAA>11<TAA>1<TAAAA>7
108,<TAAAA>4-5<TATAA>1<TAAAA>6-11<TAA>1<TAAAA>5-9,<TAAAA>4<TATAA>1<TAAAA>8<TAA>1<TAAAA>8
103,<TAAAA>2-1060<TAA>1<TAAAA>3-8,<TAAAA>13<TAA>1<TAAAA>7
113,<TAAAA>2-1060<TAA>1<TAAAA>3-8,<TAAAA>15<TAA>1<TAAAA>7
103,<TAAAA>2-1060<TAA>1<TAAAA>3-8,<TAAAA>13<TAA>1<TAAAA>7
93,<TAAAA>4-5<TATAA>1<TAAAA>6-11<TAA>1<TAAAA>5-9,<TAAAA>4<TATAA>1<TAAAA>7<TAA>1<TAAAA>6
303,<TAAAA>2-1060<TAA>1<TAAAA>3-8,<TAAAA>54<TAA>1<TAAAA>6
98,<TAAAA>2-1060<TAA>1<TAAAA>3-8,<TAAAA>13<TAA>1<TAAAA>6
65,<TAAAA>9-810,<TAAAA>13
93,<TAAAA>2-1060<TAA>1<TAAAA>3-8,<TAAAA>11<TAA>1<TAAAA>7
28,<TAAAA>2-1060<TAA>1<TAAAA>3-8,<TAAAA>2<TAA>1<TAAAA>3
125,<TAAAA>9-810,<TAAAA>25
93,<TAAAA>4-5<TATAA>1<TAAAA>6-11<TAA>1<TAAAA>5-9,<TAAAA>4<TATAA>1<TAAAA>7<TAA>1<TAAAA>6
108,<TAAAA>4-5<TATAA>1<TAAAA>6-11<TAA>1<TAAAA>5-9,<TAAAA>4<TATAA>1<TAAAA>8<TAA>1<TAAAA>8
105,<TAAAA>4<TATAA>1<TAAAA>15-17,<TAAAA>4<TATAA>1<TAAAA>16
108,<TAAAA>4-5<TATAA>1<TAAAA>6-11<TAA>1<TAAAA>5-9,<TAAAA>4<TATAA>1<TAAAA>8<TAA>1<TAAAA>8
65,<TAAAA>9-810,<TAAAA>13
60,<TAAAA>9-810,<TAAAA>12
98,<TAAAA>2-1060<TAA>1<TAAAA>3-8,<TAAAA>12<TAA>1<TAAAA>7
65,<TAAAA>9-810,<TAAAA>13
93,<TAAAA>4-5<TATAA>1<TAAAA>6-11<TAA>1<TAAAA>5-9,<TAAAA>4<TATAA>1<TAAAA>7<TAA>1<TAAAA>6
3617,<TAAAA>9-810,<TAAAA>165<A>1<TAAAA>546<A>4<TAAAA>4<A>4<TAAAA>2<A>3<TAAAA>4
98,<TAAAA>4-5<TATAA>1<TAAAA>6-11<TAA>1<TAAAA>5-9,<TAAAA>4<TATAA>1<TAAAA>6<TAA>1<TAAAA>8
98,<TAAAA>2-1060<TAA>1<TAAAA>3-8,<TAAAA>12<TAA>1<TAAAA>7
65,<TAAAA>9-810,<TAAAA>13
98,<TAAAA>4-5<TATAA>1<TAAAA>6-11<TAA>1<TAAAA>5-9,<TAAAA>4<TATAA>1<TAAAA>8<TAA>1<TAAAA>6
108,<TAAAA>4-5<TATAA>1<TAAAA>6-11<TAA>1<TAAAA>5-9,<TAAAA>4<TATAA>1<TAAAA>8<TAA>1<TAAAA>8
103,<TAAAA>4-5<TATAA>1<TAAAA>6-11<TAA>1<TAAAA>5-9,<TAAAA>4<TATAA>1<TAAAA>7<TAA>1<TAAAA>8
65,<TAAAA>9-810,<TAAAA>13
103,<TAAAA>2-1060<TAA>1<TAAAA>3-8,<TAAAA>13<TAA>1<TAAAA>7
108,<TAAAA>4-5<TATAA>1<TAAAA>6-11<TAA>1<TAAAA>5-9,<TAAAA>4<TATAA>1<TAAAA>8<TAA>1<TAAAA>8
98,<TAAAA>2-1060<TAA>1<TAAAA>3-8,<TAAAA>12<TAA>1<TAAAA>7
113,<TAAAA>4-5<TATAA>1<TAAAA>6-11<TAA>1<TAAAA>5-9,<TAAAA>4<TATAA>1<TAAAA>8<TAA>1<TAAAA>9
93,<TAAAA>4-5<TATAA>1<TAAAA>6-11<TAA>1<TAAAA>5-9,<TAAAA>4<TATAA>1<TAAAA>7<TAA>1<TAAAA>6
55,<TAAAA>9-810,<TAAAA>11
113,<TAAAA>2-1060<TAA>1<TAAAA>3-8,<TAAAA>15<TAA>1<TAAAA>7
108,<TAAAA>4-5<TATAA>1<TAAAA>6-11<TAA>1<TAAAA>5-9,<TAAAA>4<TATAA>1<TAAAA>8<TAA>1<TAAAA>8
93,<TAAAA>4-5<TATAA>1<TAAAA>6-11<TAA>1<TAAAA>5-9,<TAAAA>4<TATAA>1<TAAAA>7<TAA>1<TAAAA>6
113,<TAAAA>2-1060<TAA>1<TAAAA>3-8,<TAAAA>15<TAA>1<TAAAA>7
103,<TAAAA>2-1060<TAA>1<TAAAA>3-8,<TAAAA>13<TAA>1<TAAAA>7
55,<TAAAA>9-810,<TAAAA>11
93,<TAAAA>4-5<TATAA>1<TAAAA>6-11<TAA>1<TAAAA>5-9,<TAAAA>4<TATAA>1<TAAAA>7<TAA>1<TAAAA>6
118,<TAAAA>2-1060<TAA>1<TAAAA>3-8,<TAAAA>16<TAA>1<TAAAA>7
88,<TAAAA>2-1060<TAA>1<TAAAA>3-8,<TAAAA>10<TAA>1<TAAAA>7
98,<TAAAA>4-5<TATAA>1<TAAAA>6-11<TAA>1<TAAAA>5-9,<TAAAA>4<TATAA>1<TAAAA>8<TAA>1<TAAAA>6
93,<TAAAA>4-5<TATAA>1<TAAAA>6-11<TAA>1<TAAAA>5-9,<TAAAA>4<TATAA>1<TAAAA>7<TAA>1<TAAAA>6
113,<TAAAA>4-5<TATAA>1<TAAAA>6-11<TAA>1<TAAAA>5-9,<TAAAA>4<TATAA>1<TAAAA>9<TAA>1<TAAAA>8
108,<TAAAA>4-5<TATAA>1<TAAAA>6-11<TAA>1<TAAAA>5-9,<TAAAA>4<TATAA>1<TAAAA>8<TAA>1<TAAAA>8
98,<TAAAA>4-5<TATAA>1<TAAAA>6-11<TAA>1<TAAAA>5-9,<TAAAA>4<TATAA>1<TAAAA>7<TAA>1<TAAAA>7
93,<TAAAA>4-5<TATAA>1<TAAAA>6-11<TAA>1<TAAAA>5-9,<TAAAA>4<TATAA>1<TAAAA>7<TAA>1<TAAAA>6
60,<TAAAA>9-810,<TAAAA>12
108,<TAAAA>4-5<TATAA>1<TAAAA>6-11<TAA>1<TAAAA>5-9,<TAAAA>4<TATAA>1<TAAAA>8<TAA>1<TAAAA>8
103,<TAAAA>2-1060<TAA>1<TAAAA>3-8,<TAAAA>13<TAA>1<TAAAA>7
93,<TAAAA>4-5<TATAA>1<TAAAA>6-11<TAA>1<TAAAA>5-9,<TAAAA>4<TATAA>1<TAAAA>7<TAA>1<TAAAA>6
93,<TAAAA>4-5<TATAA>1<TAAAA>6-11<TAA>1<TAAAA>5-9,<TAAAA>4<TATAA>1<TAAAA>7<TAA>1<TAAAA>6
113,<TAAAA>4-5<TATAA>1<TAAAA>6-11<TAA>1<TAAAA>5-9,<TAAAA>4<TATAA>1<TAAAA>10<TAA>1<TAAAA>7
60,<TAAAA>9-810,<TAAAA>12
65,<TAAAA>9-810,<TAAAA>13
108,<TAAAA>4-5<TATAA>1<TAAAA>6-11<TAA>1<TAAAA>5-9,<TAAAA>4<TATAA>1<TAAAA>8<TAA>1<TAAAA>8
93,<TAAAA>4-5<TATAA>1<TAAAA>6-11<TAA>1<TAAAA>5-9,<TAAAA>4<TATAA>1<TAAAA>7<TAA>1<TAAAA>6
65,<TAAAA>9-810,<TAAAA>13
113,<TAAAA>4-5<TATAA>1<TAAAA>6-11<TAA>1<TAAAA>5-9,<TAAAA>4<TATAA>1<TAAAA>9<TAA>1<TAAAA>8
99,Other,<TAAAA>4<TATAA>1<TAAAA>7<TAATAATAA>1<TAAAA>6
45,<TAAAA>9-810,<TAAAA>9
108,<TAAAA>4-5<TATAA>1<TAAAA>6-11<TAA>1<TAAAA>5-9,<TAAAA>4<TATAA>1<TAAAA>8<TAA>1<TAAAA>8
108,<TAAAA>4-5<TATAA>1<TAAAA>6-11<TAA>1<TAAAA>5-9,<TAAAA>4<TATAA>1<TAAAA>9<TAA>1<TAAAA>7
65,<TAAAA>9-810,<TAAAA>13
108,<TAAAA>4-5<TATAA>1<TAAAA>6-11<TAA>1<TAAAA>5-9,<TAAAA>4<TATAA>1<TAAAA>8<TAA>1<TAAAA>8
93,<TAAAA>4-5<TATAA>1<TAAAA>6-11<TAA>1<TAAAA>5-9,<TAAAA>4<TATAA>1<TAAAA>7<TAA>1<TAAAA>6
113,<TAAAA>4-5<TATAA>1<TAAAA>6-11<TAA>1<TAAAA>5-9,<TAAAA>4<TATAA>1<TAAAA>9<TAA>1<TAAAA>8
103,<TAAAA>2-1060<TAA>1<TAAAA>3-8,<TAAAA>14<TAA>1<TAAAA>6
45,<TAAAA>9-810,<TAAAA>9
60,<TAAAA>9-810,<TAAAA>12
60,<TAAAA>9-810,<TAAAA>12
60,<TAAAA>9-810,<TAAAA>12
60,<TAAAA>9-810,<TAAAA>12
108,<TAAAA>4-5<TATAA>1<TAAAA>6-11<TAA>1<TAAAA>5-9,<TAAAA>4<TATAA>1<TAAAA>8<TAA>1<TAAAA>8
111,Other,<TAAAA>4<TATAA>1<TAAAA>9<TAATAA>1<TAAAA>7
45,<TAAAA>9-810,<TAAAA>9
123,<TAAAA>4-5<TATAA>1<TAAAA>6-11<TAA>1<TAAAA>5-9,<TAAAA>4<TATAA>1<TAAAA>10<TAA>1<TAAAA>9
65,<TAAAA>9-810,<TAAAA>13
113,<TAAAA>4-5<TATAA>1<TAAAA>6-11<TAA>1<TAAAA>5-9,<TAAAA>4<TATAA>1<TAAAA>9<TAA>1<TAAAA>8
60,<TAAAA>9-810,<TAAAA>12
60,<TAAAA>9-810,<TAAAA>12
113,<TAAAA>4-5<TATAA>1<TAAAA>6-11<TAA>1<TAAAA>5-9,<TAAAA>4<TATAA>1<TAAAA>8<TAA>1<TAAAA>9
93,<TAAAA>4-5<TATAA>1<TAAAA>6-11<TAA>1<TAAAA>5-9,<TAAAA>4<TATAA>1<TAAAA>7<TAA>1<TAAAA>6
108,<TAAAA>4-5<TATAA>1<TAAAA>6-11<TAA>1<TAAAA>5-9,<TAAAA>4<TATAA>1<TAAAA>8<TAA>1<TAAAA>8
93,<TAAAA>4-5<TATAA>1<TAAAA>6-11<TAA>1<TAAAA>5-9,<TAAAA>4<TATAA>1<TAAAA>7<TAA>1<TAAAA>6
113,<TAAAA>4-5<TATAA>1<TAAAA>6-11<TAA>1<TAAAA>5-9,<TAAAA>4<TATAA>1<TAAAA>8<TAA>1<TAAAA>9
93,<TAAAA>4-5<TATAA>1<TAAAA>6-11<TAA>1<TAAAA>5-9,<TAAAA>4<TATAA>1<TAAAA>7<TAA>1<TAAAA>6
60,<TAAAA>9-810,<TAAAA>12
93,<TAAAA>4-5<TATAA>1<TAAAA>6-11<TAA>1<TAAAA>5-9,<TAAAA>4<TATAA>1<TAAAA>7<TAA>1<TAAAA>6
50,<TAAAA>9-810,<TAAAA>10
98,<TAAAA>4-5<TATAA>1<TAAAA>6-11<TAA>1<TAAAA>5-9,<TAAAA>4<TATAA>1<TAAAA>8<TAA>1<TAAAA>6
108,<TAAAA>4-5<TATAA>1<TAAAA>6-11<TAA>1<TAAAA>5-9,<TAAAA>4<TATAA>1<TAAAA>8<TAA>1<TAAAA>8
108,<TAAAA>2-1060<TAA>1<TAAAA>3-8,<TAAAA>14<TAA>1<TAAAA>7
98,<TAAAA>4-5<TATAA>1<TAAAA>6-11<TAA>1<TAAAA>5-9,<TAAAA>4<TATAA>1<TAAAA>7<TAA>1<TAAAA>7
93,<TAAAA>4-5<TATAA>1<TAAAA>6-11<TAA>1<TAAAA>5-9,<TAAAA>4<TATAA>1<TAAAA>7<TAA>1<TAAAA>6
108,<TAAAA>4-5<TATAA>1<TAAAA>6-11<TAA>1<TAAAA>5-9,<TAAAA>4<TATAA>1<TAAAA>8<TAA>1<TAAAA>8
55,<TAAAA>9-810,<TAAAA>11
65,<TAAAA>9-810,<TAAAA>13
55,<TAAAA>9-810,<TAAAA>11
113,<TAAAA>4-5<TATAA>1<TAAAA>6-11<TAA>1<TAAAA>5-9,<TAAAA>4<TATAA>1<TAAAA>9<TAA>1<TAAAA>8
111,Other,<TAAAA>4<TATAA>1<TAAAA>8<TAATAATATAA>1<TAAAA>7
108,<TAAAA>4-5<TATAA>1<TAAAA>6-11<TAA>1<TAAAA>5-9,<TAAAA>4<TATAA>1<TAAAA>9<TAA>1<TAAAA>7
113,<TAAAA>4-5<TATAA>1<TAAAA>6-11<TAA>1<TAAAA>5-9,<TAAAA>4<TATAA>1<TAAAA>9<TAA>1<TAAAA>8
108,<TAAAA>2-1060<TAA>1<TAAAA>3-8,<TAAAA>14<TAA>1<TAAAA>7
108,<TAAAA>4-5<TATAA>1<TAAAA>6-11<TAA>1<TAAAA>5-9,<TAAAA>4<TATAA>1<TAAAA>9<TAA>1<TAAAA>7
93,<TAAAA>4-5<TATAA>1<TAAAA>6-11<TAA>1<TAAAA>5-9,<TAAAA>4<TATAA>1<TAAAA>7<TAA>1<TAAAA>6
113,<TAAAA>4-5<TATAA>1<TAAAA>6-11<TAA>1<TAAAA>5-9,<TAAAA>4<TATAA>1<TAAAA>10<TAA>1<TAAAA>7
93,<TAAAA>4-5<TATAA>1<TAAAA>6-11<TAA>1<TAAAA>5-9,<TAAAA>4<TATAA>1<TAAAA>7<TAA>1<TAAAA>6
113,<TAAAA>4-5<TATAA>1<TAAAA>6-11<TAA>1<TAAAA>5-9,<TAAAA>4<TATAA>1<TAAAA>9<TAA>1<TAAAA>8
118,<TAAAA>4-5<TATAA>1<TAAAA>6-11<TAA>1<TAAAA>5-9,<TAAAA>4<TATAA>1<TAAAA>11<TAA>1<TAAAA>7
60,<TAAAA>9-810,<TAAAA>12
103,<TAAAA>4-5<TATAA>1<TAAAA>6-11<TAA>1<TAAAA>5-9,<TAAAA>4<TATAA>1<TAAAA>8<TAA>1<TAAAA>7
118,<TAAAA>4-5<TATAA>1<TAAAA>6-11<TAA>1<TAAAA>5-9,<TAAAA>4<TATAA>1<TAAAA>9<TAA>1<TAAAA>9
65,<TAAAA>9-810,<TAAAA>13
45,<TAAAA>9-810,<TAAAA>9
93,<TAAAA>4-5<TATAA>1<TAAAA>6-11<TAA>1<TAAAA>5-9,<TAAAA>4<TATAA>1<TAAAA>7<TAA>1<TAAAA>6
113,<TAAAA>4-5<TATAA>1<TAAAA>6-11<TAA>1<TAAAA>5-9,<TAAAA>4<TATAA>1<TAAAA>9<TAA>1<TAAAA>8
108,<TAAAA>4-5<TATAA>1<TAAAA>6-11<TAA>1<TAAAA>5-9,<TAAAA>4<TATAA>1<TAAAA>8<TAA>1<TAAAA>8
108,<TAAAA>4-5<TATAA>1<TAAAA>6-11<TAA>1<TAAAA>5-9,<TAAAA>4<TATAA>1<TAAAA>8<TAA>1<TAAAA>8
60,<TAAAA>9-810,<TAAAA>12
108,<TAAAA>2-1060<TAA>1<TAAAA>3-8,<TAAAA>14<TAA>1<TAAAA>7
60,<TAAAA>9-810,<TAAAA>12
65,<TAAAA>9-810,<TAAAA>13
113,<TAAAA>4-5<TATAA>1<TAAAA>6-11<TAA>1<TAAAA>5-9,<TAAAA>4<TATAA>1<TAAAA>9<TAA>1<TAAAA>8
93,<TAAAA>4-5<TATAA>1<TAAAA>6-11<TAA>1<TAAAA>5-9,<TAAAA>4<TATAA>1<TAAAA>7<TAA>1<TAAAA>6
70,<TAAAA>9-810,<TAAAA>14
108,<TAAAA>4-5<TATAA>1<TAAAA>6-11<TAA>1<TAAAA>5-9,<TAAAA>4<TATAA>1<TAAAA>8<TAA>1<TAAAA>8
60,<TAAAA>9-810,<TAAAA>12
108,<TAAAA>4-5<TATAA>1<TAAAA>6-11<TAA>1<TAAAA>5-9,<TAAAA>4<TATAA>1<TAAAA>8<TAA>1<TAAAA>8
93,<TAAAA>4-5<TATAA>1<TAAAA>6-11<TAA>1<TAAAA>5-9,<TAAAA>4<TATAA>1<TAAAA>7<TAA>1<TAAAA>6
50,<TAAAA>9-810,<TAAAA>10
108,<TAAAA>4-5<TATAA>1<TAAAA>6-11<TAA>1<TAAAA>5-9,<TAAAA>4<TATAA>1<TAAAA>8<TAA>1<TAAAA>8
88,<TAAAA>4-5<TATAA>1<TAAAA>6-11<TAA>1<TAAAA>5-9,<TAAAA>4<TATAA>1<TAAAA>6<TAA>1<TAAAA>6
108,<TAAAA>4-5<TATAA>1<TAAAA>6-11<TAA>1<TAAAA>5-9,<TAAAA>4<TATAA>1<TAAAA>8<TAA>1<TAAAA>8
108,<TAAAA>4-5<TATAA>1<TAAAA>6-11<TAA>1<TAAAA>5-9,<TAAAA>4<TATAA>1<TAAAA>8<TAA>1<TAAAA>8
93,<TAAAA>4-5<TATAA>1<TAAAA>6-11<TAA>1<TAAAA>5-9,<TAAAA>4<TATAA>1<TAAAA>7<TAA>1<TAAAA>6
108,<TAAAA>4-5<TATAA>1<TAAAA>6-11<TAA>1<TAAAA>5-9,<TAAAA>4<TATAA>1<TAAAA>8<TAA>1<TAAAA>8
108,<TAAAA>4-5<TATAA>1<TAAAA>6-11<TAA>1<TAAAA>5-9,<TAAAA>4<TATAA>1<TAAAA>8<TAA>1<TAAAA>8
113,<TAAAA>4-5<TATAA>1<TAAAA>6-11<TAA>1<TAAAA>5-9,<TAAAA>4<TATAA>1<TAAAA>10<TAA>1<TAAAA>7
118,<TAAAA>4-5<TATAA>1<TAAAA>6-11<TAA>1<TAAAA>5-9,<TAAAA>4<TATAA>1<TAAAA>9<TAA>1<TAAAA>9
108,<TAAAA>4-5<TATAA>1<TAAAA>6-11<TAA>1<TAAAA>5-9,<TAAAA>4<TATAA>1<TAAAA>8<TAA>1<TAAAA>8
108,<TAAAA>4-5<TATAA>1<TAAAA>6-11<TAA>1<TAAAA>5-9,<TAAAA>4<TATAA>1<TAAAA>8<TAA>1<TAAAA>8
75,<TAAAA>9-810,<TAAAA>15
108,<TAAAA>2-1060<TAA>1<TAAAA>3-8,<TAAAA>14<TAA>1<TAAAA>7
60,<TAAAA>9-810,<TAAAA>12
143,<TAAAA>2-1060<TAA>1<TAAAA>3-8,<TAAAA>22<TAA>1<TAAAA>6
103,<TAAAA>2-1060<TAA>1<TAAAA>3-8,<TAAAA>13<TAA>1<TAAAA>7
93,<TAAAA>4-5<TATAA>1<TAAAA>6-11<TAA>1<TAAAA>5-9,<TAAAA>4<TATAA>1<TAAAA>7<TAA>1<TAAAA>6
93,<TAAAA>4-5<TATAA>1<TAAAA>6-11<TAA>1<TAAAA>5-9,<TAAAA>4<TATAA>1<TAAAA>7<TAA>1<TAAAA>6
60,<TAAAA>9-810,<TAAAA>12
93,<TAAAA>4-5<TATAA>1<TAAAA>6-11<TAA>1<TAAAA>5-9,<TAAAA>4<TATAA>1<TAAAA>7<TAA>1<TAAAA>6
108,<TAAAA>4-5<TATAA>1<TAAAA>6-11<TAA>1<TAAAA>5-9,<TAAAA>4<TATAA>1<TAAAA>8<TAA>1<TAAAA>8
93,<TAAAA>4-5<TATAA>1<TAAAA>6-11<TAA>1<TAAAA>5-9,<TAAAA>4<TATAA>1<TAAAA>7<TAA>1<TAAAA>6
98,<TAAAA>2-1060<TAA>1<TAAAA>3-8,<TAAAA>12<TAA>1<TAAAA>7
60,<TAAAA>9-810,<TAAAA>12
108,<TAAAA>2-1060<TAA>1<TAAAA>3-8,<TAAAA>14<TAA>1<TAAAA>7
55,<TAAAA>9-810,<TAAAA>11
60,<TAAAA>9-810,<TAAAA>12
138,<TAAAA>2-1060<TAA>1<TAAAA>3-8,<TAAAA>20<TAA>1<TAAAA>7
93,<TAAAA>4-5<TATAA>1<TAAAA>6-11<TAA>1<TAAAA>5-9,<TAAAA>4<TATAA>1<TAAAA>7<TAA>1<TAAAA>6
193,<TAAAA>2-1060<TAA>1<TAAAA>3-8,<TAAAA>31<TAA>1<TAAAA>7
4933,Other,<TAAAA>3<TAAA>1<TAAAA>66<TGGAAATAAA>1<TAAAA>27<TGGAAATAAA>1<TAAAA>115<TAAA>1<TAAAA>79<TGGAA>1<TAAAA>182<TGGAA>1<TAAAA>262<TGGAA>1<TAAAA>174<TAGAA>1<TAAAA>11<TAGAATAGAA>1<TAAAA>56
60,<TAAAA>9-810,<TAAAA>12
93,<TAAAA>2-1060<TAA>1<TAAAA>3-8,<TAAAA>11<TAA>1<TAAAA>7
2028,<TAAAA>2-1060<TAA>1<TAAAA>3-8,<TAAAA>400<TAA>1<TAAAA>5
168,<TAAAA>2-1060<TAA>1<TAAAA>3-8,<TAAAA>26<TAA>1<TAAAA>7
60,<TAAAA>9-810,<TAAAA>12
101,Other,<TAAAA>4<TATAA>1<TAAAA>8<TAATAA>1<TAAAA>6
118,<TAAAA>2-1060<TAA>1<TAAAA>3-8,<TAAAA>16<TAA>1<TAAAA>7
118,<TAAAA>2-1060<TAA>1<TAAAA>3-8,<TAAAA>17<TAA>1<TAAAA>6
108,<TAAAA>2-1060<TAA>1<TAAAA>3-8,<TAAAA>14<TAA>1<TAAAA>7
163,<TAAAA>2-1060<TAA>1<TAAAA>3-8,<TAAAA>26<TAA>1<TAAAA>6
65,<TAAAA>9-810,<TAAAA>13
65,<TAAAA>9-810,<TAAAA>13
178,<TAAAA>2-1060<TAA>1<TAAAA>3-8,<TAAAA>28<TAA>1<TAAAA>7
93,<TAAAA>4-5<TATAA>1<TAAAA>6-11<TAA>1<TAAAA>5-9,<TAAAA>4<TATAA>1<TAAAA>7<TAA>1<TAAAA>6
168,<TAAAA>2-1060<TAA>1<TAAAA>3-8,<TAAAA>26<TAA>1<TAAAA>7
93,<TAAAA>4-5<TATAA>1<TAAAA>6-11<TAA>1<TAAAA>5-9,<TAAAA>4<TATAA>1<TAAAA>7<TAA>1<TAAAA>6
118,<TAAAA>2-1060<TAA>1<TAAAA>3-8,<TAAAA>17<TAA>1<TAAAA>6
93,<TAAAA>4-5<TATAA>1<TAAAA>6-11<TAA>1<TAAAA>5-9,<TAAAA>4<TATAA>1<TAAAA>7<TAA>1<TAAAA>6
143,<TAAAA>2-1060<TAA>1<TAAAA>3-8,<TAAAA>22<TAA>1<TAAAA>6
103,<TAAAA>2-1060<TAA>1<TAAAA>3-8,<TAAAA>13<TAA>1<TAAAA>7
60,<TAAAA>9-810,<TAAAA>12
113,<TAAAA>2-1060<TAA>1<TAAAA>3-8,<TAAAA>15<TAA>1<TAAAA>7
60,<TAAAA>9-810,<TAAAA>12
113,<TAAAA>2-1060<TAA>1<TAAAA>3-8,<TAAAA>15<TAA>1<TAAAA>7
118,<TAAAA>2-1060<TAA>1<TAAAA>3-8,<TAAAA>16<TAA>1<TAAAA>7
118,<TAAAA>4-5<TATAA>1<TAAAA>6-11<TAA>1<TAAAA>5-9,<TAAAA>4<TATAA>1<TAAAA>11<TAA>1<TAAAA>7
60,<TAAAA>9-810,<TAAAA>12
93,<TAAAA>4-5<TATAA>1<TAAAA>6-11<TAA>1<TAAAA>5-9,<TAAAA>4<TATAA>1<TAAAA>7<TAA>1<TAAAA>6
93,<TAAAA>4-5<TATAA>1<TAAAA>6-11<TAA>1<TAAAA>5-9,<TAAAA>4<TATAA>1<TAAAA>7<TAA>1<TAAAA>6
108,<TAAAA>4-5<TATAA>1<TAAAA>6-11<TAA>1<TAAAA>5-9,<TAAAA>4<TATAA>1<TAAAA>8<TAA>1<TAAAA>8
70,<TAAAA>9-810,<TAAAA>14
60,<TAAAA>9-810,<TAAAA>12
60,<TAAAA>9-810,<TAAAA>12
88,<TAAAA>4-5<TATAA>1<TAAAA>6-11<TAA>1<TAAAA>5-9,<TAAAA>4<TATAA>1<TAAAA>6<TAA>1<TAAAA>6
93,<TAAAA>4-5<TATAA>1<TAAAA>6-11<TAA>1<TAAAA>5-9,<TAAAA>4<TATAA>1<TAAAA>7<TAA>1<TAAAA>6
60,<TAAAA>9-810,<TAAAA>12
143,<TAAAA>2-1060<TAA>1<TAAAA>3-8,<TAAAA>22<TAA>1<TAAAA>6
133,<TAAAA>2-1060<TAA>1<TAAAA>3-8,<TAAAA>19<TAA>1<TAAAA>7
70,<TAAAA>9-810,<TAAAA>14
65,<TAAAA>9-810,<TAAAA>13
93,<TAAAA>4-5<TATAA>1<TAAAA>6-11<TAA>1<TAAAA>5-9,<TAAAA>4<TATAA>1<TAAAA>7<TAA>1<TAAAA>6
98,<TAAAA>2-1060<TAA>1<TAAAA>3-8,<TAAAA>12<TAA>1<TAAAA>7
93,<TAAAA>4-5<TATAA>1<TAAAA>6-11<TAA>1<TAAAA>5-9,<TAAAA>4<TATAA>1<TAAAA>7<TAA>1<TAAAA>6
118,<TAAAA>2-1060<TAA>1<TAAAA>3-8,<TAAAA>16<TAA>1<TAAAA>7
108,<TAAAA>2-1060<TAA>1<TAAAA>3-8,<TAAAA>14<TAA>1<TAAAA>7
93,<TAAAA>2-1060<TAA>1<TAAAA>3-8,<TAAAA>12<TAA>1<TAAAA>6
185,<TAAAA>9-810,<TAAAA>37
75,<TAAAA>9-810,<TAAAA>15
50,<TAAAA>9-810,<TAAAA>10
108,<TAAAA>4-5<TATAA>1<TAAAA>6-11<TAA>1<TAAAA>5-9,<TAAAA>4<TATAA>1<TAAAA>8<TAA>1<TAAAA>8
60,<TAAAA>9-810,<TAAAA>12
113,<TAAAA>4-5<TATAA>1<TAAAA>6-11<TAA>1<TAAAA>5-9,<TAAAA>4<TATAA>1<TAAAA>8<TAA>1<TAAAA>9
70,<TAAAA>9-810,<TAAAA>14
60,<TAAAA>9-810,<TAAAA>12
93,<TAAAA>4-5<TATAA>1<TAAAA>6-11<TAA>1<TAAAA>5-9,<TAAAA>4<TATAA>1<TAAAA>7<TAA>1<TAAAA>6
108,<TAAAA>4-5<TATAA>1<TAAAA>6-11<TAA>1<TAAAA>5-9,<TAAAA>4<TATAA>1<TAAAA>8<TAA>1<TAAAA>8
93,<TAAAA>4-5<TATAA>1<TAAAA>6-11<TAA>1<TAAAA>5-9,<TAAAA>4<TATAA>1<TAAAA>7<TAA>1<TAAAA>6
98,<TAAAA>4-5<TATAA>1<TAAAA>6-11<TAA>1<TAAAA>5-9,<TAAAA>5<TATAA>1<TAAAA>7<TAA>1<TAAAA>6
103,<TAAAA>4-5<TATAA>1<TAAAA>6-11<TAA>1<TAAAA>5-9,<TAAAA>4<TATAA>1<TAAAA>7<TAA>1<TAAAA>8
113,<TAAAA>4-5<TATAA>1<TAAAA>6-11<TAA>1<TAAAA>5-9,<TAAAA>4<TATAA>1<TAAAA>8<TAA>1<TAAAA>9
93,<TAAAA>4-5<TATAA>1<TAAAA>6-11<TAA>1<TAAAA>5-9,<TAAAA>4<TATAA>1<TAAAA>7<TAA>1<TAAAA>6
158,<TAAAA>2-1060<TAA>1<TAAAA>3-8,<TAAAA>23<TAA>1<TAAAA>8
113,<TAAAA>4-5<TATAA>1<TAAAA>6-11<TAA>1<TAAAA>5-9,<TAAAA>4<TATAA>1<TAAAA>8<TAA>1<TAAAA>9
93,<TAAAA>4-5<TATAA>1<TAAAA>6-11<TAA>1<TAAAA>5-9,<TAAAA>4<TATAA>1<TAAAA>7<TAA>1<TAAAA>6
93,<TAAAA>4-5<TATAA>1<TAAAA>6-11<TAA>1<TAAAA>5-9,<TAAAA>4<TATAA>1<TAAAA>7<TAA>1<TAAAA>6
108,<TAAAA>2-1060<TAA>1<TAAAA>3-8,<TAAAA>14<TAA>1<TAAAA>7
110,<TAAAA>9-810,<TAAAA>22
118,<TAAAA>4-5<TATAA>1<TAAAA>6-11<TAA>1<TAAAA>5-9,<TAAAA>4<TATAA>1<TAAAA>11<TAA>1<TAAAA>7
65,<TAAAA>9-810,<TAAAA>13
113,<TAAAA>4-5<TATAA>1<TAAAA>6-11<TAA>1<TAAAA>5-9,<TAAAA>4<TATAA>1<TAAAA>10<TAA>1<TAAAA>7
103,<TAAAA>2-1060<TAA>1<TAAAA>3-8,<TAAAA>13<TAA>1<TAAAA>7
65,<TAAAA>9-810,<TAAAA>13
108,<TAAAA>4-5<TATAA>1<TAAAA>6-11<TAA>1<TAAAA>5-9,<TAAAA>4<TATAA>1<TAAAA>8<TAA>1<TAAAA>8
70,<TAAAA>9-810,<TAAAA>14
93,<TAAAA>2-1060<TAA>1<TAAAA>3-8,<TAAAA>11<TAA>1<TAAAA>7
93,<TAAAA>4-5<TATAA>1<TAAAA>6-11<TAA>1<TAAAA>5-9,<TAAAA>4<TATAA>1<TAAAA>7<TAA>1<TAAAA>6
103,<TAAAA>2-1060<TAA>1<TAAAA>3-8,<TAAAA>13<TAA>1<TAAAA>7
70,<TAAAA>9-810,<TAAAA>14
75,<TAAAA>9-810,<TAAAA>15
113,<TAAAA>4-5<TATAA>1<TAAAA>6-11<TAA>1<TAAAA>5-9,<TAAAA>4<TATAA>1<TAAAA>8<TAA>1<TAAAA>9
65,<TAAAA>9-810,<TAAAA>13
108,<TAAAA>2-1060<TAA>1<TAAAA>3-8,<TAAAA>14<TAA>1<TAAAA>7
93,<TAAAA>4-5<TATAA>1<TAAAA>6-11<TAA>1<TAAAA>5-9,<TAAAA>4<TATAA>1<TAAAA>7<TAA>1<TAAAA>6
98,<TAAAA>4-5<TATAA>1<TAAAA>6-11<TAA>1<TAAAA>5-9,<TAAAA>4<TATAA>1<TAAAA>7<TAA>1<TAAAA>7
108,<TAAAA>4-5<TATAA>1<TAAAA>6-11<TAA>1<TAAAA>5-9,<TAAAA>4<TATAA>1<TAAAA>8<TAA>1<TAAAA>8
93,<TAAAA>4-5<TATAA>1<TAAAA>6-11<TAA>1<TAAAA>5-9,<TAAAA>4<TATAA>1<TAAAA>7<TAA>1<TAAAA>6
93,<TAAAA>4-5<TATAA>1<TAAAA>6-11<TAA>1<TAAAA>5-9,<TAAAA>4<TATAA>1<TAAAA>7<TAA>1<TAAAA>6
100,<TAAAA>9-810,<TAAAA>20
108,<TAAAA>4-5<TATAA>1<TAAAA>6-11<TAA>1<TAAAA>5-9,<TAAAA>4<TATAA>1<TAAAA>8<TAA>1<TAAAA>8
93,<TAAAA>4-5<TATAA>1<TAAAA>6-11<TAA>1<TAAAA>5-9,<TAAAA>4<TATAA>1<TAAAA>7<TAA>1<TAAAA>6
70,<TAAAA>9-810,<TAAAA>14
108,<TAAAA>4-5<TATAA>1<TAAAA>6-11<TAA>1<TAAAA>5-9,<TAAAA>4<TATAA>1<TAAAA>10<TAA>1<TAAAA>6
108,<TAAAA>4-5<TATAA>1<TAAAA>6-11<TAA>1<TAAAA>5-9,<TAAAA>4<TATAA>1<TAAAA>8<TAA>1<TAAAA>8
148,<TAAAA>2-1060<TAA>1<TAAAA>3-8,<TAAAA>22<TAA>1<TAAAA>7
646,<TAAAA>2-1060<TAA>1<TAAAA>3-8,<TAAAA>7<A>3<TAAAA>118<TAA>1<TAAAA>3
65,<TAAAA>9-810,<TAAAA>13
108,<TAAAA>4-5<TATAA>1<TAAAA>6-11<TAA>1<TAAAA>5-9,<TAAAA>4<TATAA>1<TAAAA>8<TAA>1<TAAAA>8
103,<TAAAA>2-1060<TAA>1<TAAAA>3-8,<TAAAA>13<TAA>1<TAAAA>7
103,<TAAAA>2-1060<TAA>1<TAAAA>3-8,<TAAAA>13<TAA>1<TAAAA>7
113,<TAAAA>4-5<TATAA>1<TAAAA>6-11<TAA>1<TAAAA>5-9,<TAAAA>4<TATAA>1<TAAAA>8<TAA>1<TAAAA>9
118,<TAAAA>2-1060<TAA>1<TAAAA>3-8,<TAAAA>16<TAA>1<TAAAA>7
65,<TAAAA>9-810,<TAAAA>13
103,<TAAAA>2-1060<TAA>1<TAAAA>3-8,<TAAAA>14<TAA>1<TAAAA>6
112,<TAAAA>9-810,<TAAAA>16<A>2<TAAAA>6
93,<TAAAA>4-5<TATAA>1<TAAAA>6-11<TAA>1<TAAAA>5-9,<TAAAA>4<TATAA>1<TAAAA>7<TAA>1<TAAAA>6
110,<TAAAA>9-810,<TAAAA>22
93,<TAAAA>4-5<TATAA>1<TAAAA>6-11<TAA>1<TAAAA>5-9,<TAAAA>4<TATAA>1<TAAAA>7<TAA>1<TAAAA>6
65,<TAAAA>9-810,<TAAAA>13
98,<TAAAA>4-5<TATAA>1<TAAAA>6-11<TAA>1<TAAAA>5-9,<TAAAA>4<TATAA>1<TAAAA>8<TAA>1<TAAAA>6
106,<TAAAA>2-1060<TAA>1<TAAAA>3-8,<TAAAA>11<A>3<TAAAA>2<TAA>1<TAAAA>7
118,<TAAAA>2-1060<TAA>1<TAAAA>3-8,<TAAAA>16<TAA>1<TAAAA>7
60,<TAAAA>9-810,<TAAAA>12
118,<TAAAA>4-5<TATAA>1<TAAAA>6-11<TAA>1<TAAAA>5-9,<TAAAA>4<TATAA>1<TAAAA>9<TAA>1<TAAAA>9
113,<TAAAA>4-5<TATAA>1<TAAAA>6-11<TAA>1<TAAAA>5-9,<TAAAA>4<TATAA>1<TAAAA>9<TAA>1<TAAAA>8
93,<TAAAA>4-5<TATAA>1<TAAAA>6-11<TAA>1<TAAAA>5-9,<TAAAA>4<TATAA>1<TAAAA>7<TAA>1<TAAAA>6
93,<TAAAA>4-5<TATAA>1<TAAAA>6-11<TAA>1<TAAAA>5-9,<TAAAA>4<TATAA>1<TAAAA>7<TAA>1<TAAAA>6
113,<TAAAA>4-5<TATAA>1<TAAAA>6-11<TAA>1<TAAAA>5-9,<TAAAA>4<TATAA>1<TAAAA>11<TAA>1<TAAAA>6
98,<TAAAA>4-5<TATAA>1<TAAAA>6-11<TAA>1<TAAAA>5-9,<TAAAA>4<TATAA>1<TAAAA>8<TAA>1<TAAAA>6
60,<TAAAA>9-810,<TAAAA>12
148,<TAAAA>2-1060<TAA>1<TAAAA>3-8,<TAAAA>23<TAA>1<TAAAA>6
108,<TAAAA>4-5<TATAA>1<TAAAA>6-11<TAA>1<TAAAA>5-9,<TAAAA>4<TATAA>1<TAAAA>8<TAA>1<TAAAA>8
60,<TAAAA>9-810,<TAAAA>12
60,<TAAAA>9-810,<TAAAA>12
103,<TAAAA>4-5<TATAA>1<TAAAA>6-11<TAA>1<TAAAA>5-9,<TAAAA>4<TATAA>1<TAAAA>8<TAA>1<TAAAA>7
108,<TAAAA>4-5<TATAA>1<TAAAA>6-11<TAA>1<TAAAA>5-9,<TAAAA>4<TATAA>1<TAAAA>8<TAA>1<TAAAA>8
65,<TAAAA>9-810,<TAAAA>13
60,<TAAAA>9-810,<TAAAA>12
103,<TAAAA>4-5<TATAA>1<TAAAA>6-11<TAA>1<TAAAA>5-9,<TAAAA>4<TATAA>1<TAAAA>8<TAA>1<TAAAA>7
113,<TAAAA>4-5<TATAA>1<TAAAA>6-11<TAA>1<TAAAA>5-9,<TAAAA>4<TATAA>1<TAAAA>9<TAA>1<TAAAA>8
108,<TAAAA>2-1060<TAA>1<TAAAA>3-8,<TAAAA>14<TAA>1<TAAAA>7
143,<TAAAA>2-1060<TAA>1<TAAAA>3-8,<TAAAA>22<TAA>1<TAAAA>6
65,<TAAAA>9-810,<TAAAA>13
1528,<TAAAA>2-1060<TAA>1<TAAAA>3-8,<TAAAA>298<TAA>1<TAAAA>7
98,<TAAAA>2-1060<TAA>1<TAAAA>3-8,<TAAAA>12<TAA>1<TAAAA>7
115,<TAAAA>9-810,<TAAAA>23
98,<TAAAA>2-1060<TAA>1<TAAAA>3-8,<TAAAA>12<TAA>1<TAAAA>7
133,<TAAAA>2-1060<TAA>1<TAAAA>3-8,<TAAAA>19<TAA>1<TAAAA>7
108,<TAAAA>2-1060<TAA>1<TAAAA>3-8,<TAAAA>14<TAA>1<TAAAA>7
60,<TAAAA>9-810,<TAAAA>12
60,<TAAAA>9-810,<TAAAA>12
1577,Other,<TAAAA>193<TA>1<TAAAA>122
70,<TAAAA>9-810,<TAAAA>14
118,<TAAAA>2-1060<TAA>1<TAAAA>3-8,<TAAAA>16<TAA>1<TAAAA>7
143,<TAAAA>2-1060<TAA>1<TAAAA>3-8,<TAAAA>20<TAA>1<TAAAA>8
65,<TAAAA>9-810,<TAAAA>13
108,<TAAAA>2-1060<TAA>1<TAAAA>3-8,<TAAAA>14<TAA>1<TAAAA>7
133,<TAAAA>2-1060<TAA>1<TAAAA>3-8,<TAAAA>19<TAA>1<TAAAA>7
103,<TAAAA>4-5<TATAA>1<TAAAA>6-11<TAA>1<TAAAA>5-9,<TAAAA>4<TATAA>1<TAAAA>8<TAA>1<TAAAA>7
